-- phpMyAdmin SQL Dump
-- version 3.5.1
-- http://www.phpmyadmin.net
--
-- Хост: 127.0.0.1
-- Время создания: Авг 21 2013 г., 21:21
-- Версия сервера: 5.5.25
-- Версия PHP: 5.3.13

SET SQL_MODE="NO_AUTO_VALUE_ON_ZERO";
SET time_zone = "+00:00";


/*!40101 SET @OLD_CHARACTER_SET_CLIENT=@@CHARACTER_SET_CLIENT */;
/*!40101 SET @OLD_CHARACTER_SET_RESULTS=@@CHARACTER_SET_RESULTS */;
/*!40101 SET @OLD_COLLATION_CONNECTION=@@COLLATION_CONNECTION */;
/*!40101 SET NAMES utf8 */;

--
-- База данных: `autosale`
--

-- --------------------------------------------------------

--
-- Структура таблицы `cars`
--

CREATE TABLE IF NOT EXISTS `cars` (
  `id` int(11) NOT NULL AUTO_INCREMENT,
  `user_id` int(11) NOT NULL,
  `cat_id` int(11) NOT NULL,
  `body_id` int(11) NOT NULL,
  `reg_id` int(11) NOT NULL,
  `model_id` int(11) NOT NULL,
  `mark_id` int(11) NOT NULL,
  `city_id` int(11) NOT NULL,
  `transmission_id` int(11) NOT NULL,
  `drive_id` int(11) NOT NULL,
  `doors` int(1) NOT NULL,
  `fuel_id` int(11) NOT NULL,
  `fuel_city` varchar(255) NOT NULL,
  `fuel_route` varchar(255) NOT NULL,
  `fuel_combine` varchar(255) NOT NULL,
  `color_id` int(11) NOT NULL,
  `metallic` tinyint(1) NOT NULL,
  `safety_id` int(11) NOT NULL,
  `comfort_id` int(11) NOT NULL,
  `multimedia_id` int(11) NOT NULL,
  `state_id` int(11) NOT NULL,
  `other_id` int(11) NOT NULL,
  `version` varchar(255) NOT NULL,
  `vin` varchar(255) NOT NULL,
  `title` varchar(255) NOT NULL,
  `description` text NOT NULL,
  `year` varchar(4) NOT NULL,
  `mileage` float NOT NULL,
  `volume` float NOT NULL,
  `price` float NOT NULL,
  `currency` enum('UAH','USD','EUR') NOT NULL DEFAULT 'UAH',
  `status` enum('active','pending','confirmed','waiting','archive') NOT NULL DEFAULT 'waiting',
  `exchange` tinyint(1) NOT NULL,
  `auction` tinyint(1) NOT NULL,
  `priority` enum('none','hot','less','urgently') NOT NULL DEFAULT 'none',
  `enable_comment` tinyint(1) DEFAULT '0',
  `send_comments` tinyint(1) DEFAULT '0',
  `added` datetime NOT NULL,
  PRIMARY KEY (`id`)
) ENGINE=InnoDB  DEFAULT CHARSET=utf8 AUTO_INCREMENT=27 ;

--
-- Дамп данных таблицы `cars`
--

INSERT INTO `cars` (`id`, `user_id`, `cat_id`, `body_id`, `reg_id`, `model_id`, `mark_id`, `city_id`, `transmission_id`, `drive_id`, `doors`, `fuel_id`, `fuel_city`, `fuel_route`, `fuel_combine`, `color_id`, `metallic`, `safety_id`, `comfort_id`, `multimedia_id`, `state_id`, `other_id`, `version`, `vin`, `title`, `description`, `year`, `mileage`, `volume`, `price`, `currency`, `status`, `exchange`, `auction`, `priority`, `enable_comment`, `send_comments`, `added`) VALUES
(1, 1, 1, 0, 1, 1, 2, 27, 4, 2, 4, 1, '', '', '', 1, 0, 0, 0, 0, 0, 0, '', '', 'Продам Audi 100', 'Продам Audi 100', '1994', 320, 2.4, 7450, 'UAH', 'waiting', 0, 0, 'none', 0, 0, '2013-07-02 09:00:00'),
(2, 1, 0, 0, 1, 1, 1, 33, 4, 2, 4, 2, '', '', '', 6, 0, 0, 0, 0, 0, 0, '', '', 'Продам Audi 80', 'Продам Audi 80', '1992', 190, 2, 5600, 'UAH', 'waiting', 0, 0, 'none', 0, 0, '2013-07-03 10:31:32'),
(3, 2, 1, 0, 1, 2, 2, 37, 1, 3, 5, 4, '', '', '', 9, 0, 0, 0, 0, 0, 0, '', '', 'Продам', 'Продам', '1990', 240, 1.8, 8100, 'USD', 'waiting', 0, 0, 'none', 0, 0, '2013-01-12 08:11:00'),
(5, 0, 1, 0, 10, 1, 0, 215, 0, 0, 0, 0, '', '', '', 0, 0, 0, 0, 0, 0, 0, '', '', 'Title', 'Description', '1987', 0, 0, 46000, 'UAH', 'waiting', 0, 0, 'none', 0, 0, '2013-06-04 22:49:31'),
(6, 0, 2, 12, 13, 4, 2, 106, 1, 2, 1, 2, '0', '0', '0', 21, 1, 0, 0, 0, 0, 0, '', '', '', 'zazaz zazazaza zazazaza', '2011', 456, 456, 546, 'USD', 'waiting', 0, 0, 'none', 1, 1, '2013-07-03 15:31:17'),
(7, 0, 1, 2, 20, 3, 1, 365, 4, 3, 4, 1, '9', '8', '9', 20, 1, 0, 0, 0, 0, 0, 'CC', '213260890746456', '', 'hghgfhfhfg fghfghfgh gfhfghfgh', '1997', 255, 2.6, 7850, 'USD', 'waiting', 1, 1, 'none', 1, 1, '2013-04-22 11:20:00'),
(8, 0, 1, 0, 4, 4, 2, 495, 0, 0, 0, 0, '0', '0', '0', 0, 0, 0, 0, 0, 0, 0, '', '', '', '', '1996', 120, 0, 3450, 'USD', 'waiting', 0, 0, 'none', 1, 1, '2013-07-04 06:07:00'),
(9, 0, 1, 0, 4, 4, 2, 496, 0, 0, 0, 0, '0', '0', '0', 0, 0, 0, 0, 0, 0, 0, '', '', '', '', '1994', 20, 1.3, 5670, 'USD', 'waiting', 0, 0, 'none', 1, 1, '2013-07-04 05:06:08'),
(10, 0, 1, 1, 3, 5, 1, 3, 4, 3, 4, 1, '8', '7', '8', 2, 1, 0, 0, 0, 0, 0, 'c4', '123124354609909090', '', '', '1996', 244, 2, 6000, 'USD', 'waiting', 0, 0, 'none', 1, 1, '2013-07-04 12:41:23'),
(11, 3, 1, 1, 10, 6, 1, 220, 4, 2, 4, 1, '10', '9', '10', 13, 1, 0, 0, 0, 0, 0, 'C4', '', '', 'Description', '1994', 230, 3.2, 328000, 'UAH', 'waiting', 1, 1, 'none', 1, 1, '2013-07-04 12:05:00'),
(12, 6, 1, 5, 6, 3, 1, 552, 4, 2, 4, 1, '0', '0', '0', 18, 1, 0, 0, 0, 0, 0, '', '', '', 'Description', '1996', 180, 2, 7800, 'EUR', 'waiting', 1, 1, 'none', NULL, NULL, '0000-00-00 00:00:00'),
(13, 6, 4, 56, 5, 5, 2, 290, 3, 2, 2, 3, '0', '0', '0', 15, 1, 0, 0, 0, 0, 0, '', '', '', 'Description', '2000', 5432, 234, 234, 'USD', 'waiting', 1, 1, 'none', NULL, NULL, '2013-07-04 14:43:16'),
(14, 6, 1, 6, 18, 7, 3, 65, 4, 2, 2, 1, '0', '0', '0', 18, 1, 0, 0, 0, 0, 0, '3', '', '', 'Description', '2009', 120, 1.6, 7800, 'USD', 'waiting', 0, 1, 'less', NULL, NULL, '2013-07-05 13:47:28'),
(15, 6, 1, 1, 10, 4, 1, 225, 4, 2, 4, 1, '0', '0', '0', 2, 0, 0, 0, 0, 0, 0, '', '', '', 'Description', '1996', 120, 1.6, 6900, 'USD', 'waiting', 1, 0, 'none', NULL, NULL, '2013-07-05 14:22:09'),
(16, 6, 1, 2, 20, 121, 10, 375, 1, 3, 4, 1, '0', '0', '0', 3, 1, 0, 0, 0, 0, 0, '', '', '', 'Description', '2011', 12, 3.5, 56000, 'USD', 'waiting', 1, 1, 'none', NULL, NULL, '2013-07-15 18:57:38'),
(17, 6, 1, 2, 4, 311, 29, 500, 4, 3, 2, 1, '0', '0', '0', 17, 1, 0, 0, 0, 0, 0, '', '', '', 'Description', '2006', 45, 6, 15980, 'USD', 'waiting', 0, 0, 'none', NULL, NULL, '2013-07-16 13:09:10'),
(18, 6, 1, 0, 9, 158, 18, 391, 4, 2, 4, 1, '0', '0', '0', 18, 1, 0, 0, 0, 0, 0, '', '', '', 'Description', '2003', 67, 1.6, 72800, 'EUR', 'waiting', 0, 0, 'none', NULL, NULL, '2013-07-16 13:11:32'),
(19, 6, 2, 15, 3, 1216, 101, 428, 0, 0, 0, 1, '0', '0', '0', 3, 1, 0, 0, 0, 0, 0, '', '', '', 'Description', '2004', 120, 1.3, 447440, 'USD', 'waiting', 0, 0, 'none', NULL, NULL, '2013-07-16 15:31:36'),
(20, 7, 1, 1, 7, 43, 7, 443, 4, 2, 4, 1, '0', '0', '0', 2, 1, 0, 0, 0, 0, 0, 'C4', '', '', 'Description', '1989', 135, 2, 52734, 'USD', 'active', 0, 0, 'none', NULL, NULL, '2013-07-18 20:14:25'),
(21, 7, 1, 1, 2, 41, 7, 2, 4, 3, 4, 1, '0', '0', '0', 20, 0, 0, 0, 0, 0, 0, '', '', '', 'Description', '1992', 270, 2.8, 55930, 'USD', 'active', 0, 0, 'none', 0, 0, '2013-07-18 20:15:30'),
(22, 7, 1, 1, 14, 43, 7, 179, 1, 3, 4, 4, '0', '0', '0', 14, 1, 0, 0, 0, 0, 0, '', '', '', 'Description', '1996', 320, 2, 62322, 'USD', 'active', 0, 0, 'none', NULL, NULL, '2013-07-18 20:18:00'),
(23, 6, 1, 2, 16, 54, 7, 240, 1, 3, 4, 1, '0', '0', '0', 12, 0, 0, 0, 0, 0, 0, '', '', '', 'Description', '2011', 10, 3.2, 367540, 'USD', 'active', 0, 0, 'none', NULL, NULL, '2013-07-18 20:19:09'),
(24, 6, 1, 2, 20, 122, 10, 365, 1, 3, 4, 1, '0', '0', '0', 2, 1, 0, 0, 0, 0, 0, '3', '', '', 'BMW X6', '2011', 12, 3.5, 383520, 'USD', 'waiting', 1, 1, 'none', 0, 0, '2013-07-24 08:13:15'),
(25, 7, 1, 1, 7, 43, 7, 452, 1, 3, 4, 1, '0', '0', '0', 1, 1, 0, 0, 0, 0, 0, '', '', '', 'Audi 100', '1993', 215, 2, 53932.5, 'USD', 'waiting', 0, 1, 'none', 0, 0, '2013-08-15 12:28:39'),
(26, 7, 1, 6, 3, 39, 6, 430, 3, 3, 2, 1, '0', '0', '0', 8, 1, 0, 0, 0, 0, 0, '', '', '', 'Description', '2012', 12, 6.5, 517595000, 'USD', 'waiting', 0, 0, 'none', NULL, NULL, '2013-08-15 13:35:56');

-- --------------------------------------------------------

--
-- Структура таблицы `car_comfort`
--

CREATE TABLE IF NOT EXISTS `car_comfort` (
  `id` int(11) NOT NULL AUTO_INCREMENT,
  `car_id` int(11) NOT NULL,
  `comfort_id` int(11) NOT NULL,
  PRIMARY KEY (`id`)
) ENGINE=InnoDB  DEFAULT CHARSET=utf8 AUTO_INCREMENT=95 ;

--
-- Дамп данных таблицы `car_comfort`
--

INSERT INTO `car_comfort` (`id`, `car_id`, `comfort_id`) VALUES
(1, 1, 1),
(2, 1, 2),
(3, 1, 3),
(4, 1, 4),
(5, 1, 5),
(6, 1, 6),
(7, 1, 7),
(8, 2, 1),
(9, 2, 2),
(10, 2, 3),
(11, 2, 4),
(12, 2, 5),
(13, 2, 6),
(14, 2, 7),
(15, 3, 1),
(16, 3, 2),
(17, 3, 3),
(18, 3, 4),
(19, 3, 5),
(20, 3, 6),
(49, 7, 3),
(50, 7, 4),
(51, 7, 5),
(52, 7, 6),
(53, 7, 11),
(54, 7, 12),
(55, 7, 14),
(56, 7, 15),
(57, 7, 3),
(58, 7, 4),
(59, 7, 5),
(60, 7, 6),
(61, 7, 11),
(62, 7, 12),
(63, 7, 14),
(64, 7, 15),
(65, 8, 11),
(69, 11, 1),
(70, 11, 2),
(71, 11, 3),
(72, 21, 1),
(73, 21, 2),
(74, 24, 1),
(75, 24, 2),
(76, 24, 3),
(77, 24, 4),
(78, 24, 5),
(79, 24, 6),
(80, 24, 7),
(81, 24, 8),
(82, 24, 9),
(83, 24, 10),
(84, 24, 11),
(85, 24, 12),
(86, 24, 14),
(87, 24, 15),
(88, 24, 16),
(89, 25, 1),
(90, 25, 4),
(91, 25, 5),
(92, 25, 7),
(93, 25, 12),
(94, 25, 14);

-- --------------------------------------------------------

--
-- Структура таблицы `car_multimedia`
--

CREATE TABLE IF NOT EXISTS `car_multimedia` (
  `id` int(11) NOT NULL AUTO_INCREMENT,
  `car_id` int(11) NOT NULL,
  `multimedia_id` int(11) NOT NULL,
  PRIMARY KEY (`id`)
) ENGINE=InnoDB  DEFAULT CHARSET=utf8 AUTO_INCREMENT=47 ;

--
-- Дамп данных таблицы `car_multimedia`
--

INSERT INTO `car_multimedia` (`id`, `car_id`, `multimedia_id`) VALUES
(1, 1, 1),
(2, 1, 2),
(3, 1, 3),
(4, 1, 4),
(5, 1, 5),
(6, 1, 6),
(7, 2, 1),
(8, 2, 2),
(9, 2, 3),
(10, 2, 4),
(11, 3, 1),
(12, 3, 2),
(13, 3, 3),
(26, 7, 3),
(27, 7, 4),
(28, 7, 3),
(29, 7, 4),
(33, 11, 2),
(34, 11, 3),
(35, 11, 4),
(36, 21, 2),
(37, 21, 4),
(38, 24, 1),
(39, 24, 2),
(40, 24, 3),
(41, 24, 4),
(42, 24, 5),
(43, 24, 7),
(44, 25, 2),
(45, 25, 3),
(46, 25, 4);

-- --------------------------------------------------------

--
-- Структура таблицы `car_other`
--

CREATE TABLE IF NOT EXISTS `car_other` (
  `id` int(11) NOT NULL AUTO_INCREMENT,
  `car_id` int(11) NOT NULL,
  `other_id` int(11) NOT NULL,
  PRIMARY KEY (`id`)
) ENGINE=InnoDB  DEFAULT CHARSET=utf8 AUTO_INCREMENT=40 ;

--
-- Дамп данных таблицы `car_other`
--

INSERT INTO `car_other` (`id`, `car_id`, `other_id`) VALUES
(1, 1, 1),
(2, 1, 2),
(3, 1, 3),
(4, 1, 4),
(5, 1, 5),
(6, 2, 1),
(7, 2, 2),
(8, 2, 3),
(9, 2, 4),
(10, 2, 5),
(11, 3, 1),
(12, 3, 2),
(13, 3, 3),
(14, 3, 4),
(24, 7, 2),
(25, 7, 3),
(26, 7, 6),
(27, 7, 2),
(28, 7, 3),
(29, 7, 6),
(30, 8, 5),
(31, 8, 6),
(33, 11, 2),
(34, 21, 2),
(35, 24, 6),
(36, 24, 7),
(37, 24, 8),
(38, 25, 1),
(39, 25, 2);

-- --------------------------------------------------------

--
-- Структура таблицы `car_safety`
--

CREATE TABLE IF NOT EXISTS `car_safety` (
  `id` int(11) NOT NULL AUTO_INCREMENT,
  `car_id` int(11) NOT NULL,
  `safety_id` int(11) NOT NULL,
  PRIMARY KEY (`id`)
) ENGINE=InnoDB  DEFAULT CHARSET=utf8 AUTO_INCREMENT=76 ;

--
-- Дамп данных таблицы `car_safety`
--

INSERT INTO `car_safety` (`id`, `car_id`, `safety_id`) VALUES
(1, 1, 1),
(2, 1, 2),
(3, 1, 3),
(4, 1, 4),
(5, 2, 1),
(6, 2, 2),
(7, 2, 3),
(8, 2, 4),
(9, 2, 5),
(10, 2, 6),
(11, 2, 7),
(12, 3, 1),
(13, 3, 2),
(14, 3, 3),
(15, 3, 4),
(16, 3, 5),
(43, 7, 1),
(44, 7, 2),
(45, 7, 3),
(46, 7, 6),
(47, 7, 7),
(48, 7, 8),
(49, 7, 1),
(50, 7, 2),
(51, 7, 3),
(52, 7, 6),
(53, 7, 7),
(54, 7, 8),
(55, 8, 10),
(56, 8, 11),
(59, 11, 2),
(60, 11, 4),
(61, 21, 2),
(62, 24, 1),
(63, 24, 2),
(64, 24, 3),
(65, 24, 4),
(66, 24, 5),
(67, 24, 7),
(68, 24, 8),
(69, 24, 9),
(70, 24, 10),
(71, 24, 11),
(72, 25, 2),
(73, 25, 8),
(74, 25, 10),
(75, 25, 11);

-- --------------------------------------------------------

--
-- Структура таблицы `car_state`
--

CREATE TABLE IF NOT EXISTS `car_state` (
  `id` int(11) NOT NULL AUTO_INCREMENT,
  `car_id` int(11) NOT NULL,
  `state_id` int(11) NOT NULL,
  PRIMARY KEY (`id`)
) ENGINE=InnoDB  DEFAULT CHARSET=utf8 AUTO_INCREMENT=52 ;

--
-- Дамп данных таблицы `car_state`
--

INSERT INTO `car_state` (`id`, `car_id`, `state_id`) VALUES
(1, 1, 1),
(2, 1, 2),
(3, 1, 3),
(4, 1, 4),
(5, 1, 5),
(6, 1, 6),
(7, 2, 1),
(8, 2, 2),
(9, 2, 3),
(10, 2, 4),
(11, 2, 5),
(12, 2, 6),
(13, 3, 1),
(14, 3, 2),
(15, 3, 3),
(16, 3, 4),
(17, 3, 5),
(18, 3, 6),
(26, 7, 5),
(27, 7, 6),
(28, 7, 8),
(29, 7, 9),
(30, 7, 5),
(31, 7, 6),
(32, 7, 8),
(33, 7, 9),
(37, 11, 1),
(38, 11, 2),
(39, 11, 3),
(40, 21, 1),
(41, 21, 2),
(42, 21, 3),
(43, 24, 1),
(44, 24, 2),
(45, 24, 3),
(46, 24, 4),
(47, 24, 5),
(48, 24, 7),
(49, 25, 1),
(50, 25, 2),
(51, 25, 3);

-- --------------------------------------------------------

--
-- Структура таблицы `categories_marks`
--

CREATE TABLE IF NOT EXISTS `categories_marks` (
  `id` int(11) NOT NULL AUTO_INCREMENT,
  `cat_id` int(11) NOT NULL,
  `mark_id` int(11) NOT NULL,
  PRIMARY KEY (`id`)
) ENGINE=InnoDB  DEFAULT CHARSET=utf8 AUTO_INCREMENT=291 ;

--
-- Дамп данных таблицы `categories_marks`
--

INSERT INTO `categories_marks` (`id`, `cat_id`, `mark_id`) VALUES
(1, 1, 1),
(2, 1, 2),
(3, 1, 3),
(4, 1, 4),
(7, 1, 5),
(8, 1, 6),
(11, 1, 7),
(12, 1, 8),
(13, 1, 9),
(14, 1, 10),
(15, 1, 11),
(16, 1, 12),
(17, 1, 13),
(18, 1, 14),
(19, 1, 15),
(20, 1, 16),
(21, 1, 17),
(22, 1, 18),
(23, 1, 19),
(24, 1, 20),
(25, 1, 21),
(26, 1, 22),
(27, 1, 23),
(28, 1, 24),
(29, 1, 25),
(30, 1, 26),
(31, 1, 27),
(32, 1, 28),
(33, 1, 29),
(34, 1, 30),
(35, 1, 31),
(36, 1, 32),
(37, 1, 33),
(38, 1, 34),
(39, 1, 35),
(40, 1, 36),
(41, 1, 37),
(42, 1, 38),
(43, 1, 39),
(44, 1, 40),
(45, 1, 41),
(46, 1, 42),
(47, 1, 43),
(48, 1, 44),
(49, 1, 45),
(50, 1, 46),
(51, 1, 47),
(52, 1, 48),
(53, 1, 49),
(54, 1, 50),
(55, 1, 51),
(56, 1, 52),
(57, 1, 53),
(58, 1, 54),
(59, 1, 55),
(60, 1, 56),
(61, 1, 57),
(62, 1, 58),
(63, 1, 59),
(64, 1, 60),
(65, 1, 61),
(66, 1, 62),
(67, 1, 63),
(68, 1, 64),
(69, 1, 65),
(70, 1, 66),
(71, 1, 67),
(72, 1, 68),
(73, 1, 69),
(74, 1, 70),
(75, 1, 71),
(76, 1, 72),
(77, 1, 73),
(78, 1, 74),
(79, 1, 75),
(80, 1, 76),
(81, 1, 77),
(82, 1, 78),
(83, 1, 79),
(84, 1, 80),
(85, 1, 81),
(86, 1, 82),
(87, 1, 83),
(88, 1, 84),
(89, 6, 85),
(90, 1, 86),
(91, 1, 87),
(92, 1, 88),
(93, 1, 89),
(94, 1, 90),
(95, 1, 91),
(96, 1, 92),
(97, 1, 93),
(98, 1, 94),
(99, 1, 95),
(100, 1, 96),
(101, 1, 97),
(102, 1, 98),
(103, 1, 99),
(104, 1, 100),
(105, 1, 101),
(106, 6, 102),
(107, 1, 103),
(108, 1, 104),
(109, 1, 105),
(110, 1, 106),
(111, 1, 107),
(112, 1, 108),
(113, 1, 109),
(114, 1, 110),
(115, 1, 111),
(116, 1, 113),
(117, 1, 112),
(118, 1, 114),
(119, 1, 115),
(120, 1, 116),
(121, 6, 117),
(122, 1, 118),
(123, 6, 119),
(124, 1, 120),
(125, 6, 121),
(126, 6, 122),
(127, 1, 123),
(128, 6, 124),
(129, 6, 125),
(130, 6, 126),
(131, 6, 127),
(132, 2, 10),
(133, 2, 43),
(134, 2, 46),
(135, 2, 49),
(136, 2, 101),
(137, 2, 120),
(138, 7, 19),
(139, 7, 25),
(140, 7, 26),
(141, 7, 37),
(142, 7, 46),
(143, 7, 49),
(144, 7, 68),
(145, 7, 102),
(146, 7, 105),
(147, 7, 110),
(148, 2, 128),
(149, 3, 129),
(150, 3, 130),
(151, 3, 131),
(152, 3, 132),
(153, 3, 133),
(154, 3, 134),
(155, 3, 135),
(156, 3, 136),
(157, 3, 137),
(158, 3, 138),
(159, 3, 139),
(160, 3, 140),
(161, 3, 141),
(162, 3, 142),
(163, 3, 143),
(164, 3, 144),
(165, 3, 145),
(166, 3, 146),
(167, 3, 147),
(168, 3, 148),
(169, 3, 149),
(170, 4, 46),
(171, 4, 49),
(172, 4, 74),
(173, 4, 110),
(174, 4, 151),
(175, 4, 152),
(176, 4, 153),
(177, 4, 154),
(178, 4, 155),
(179, 4, 156),
(180, 4, 157),
(181, 4, 158),
(182, 4, 159),
(183, 4, 160),
(184, 4, 161),
(185, 4, 162),
(186, 4, 163),
(187, 4, 164),
(188, 4, 165),
(189, 4, 166),
(190, 4, 167),
(191, 4, 168),
(192, 4, 169),
(193, 4, 170),
(194, 4, 171),
(195, 4, 172),
(196, 4, 173),
(197, 4, 174),
(198, 4, 175),
(199, 4, 176),
(200, 4, 177),
(201, 4, 178),
(202, 4, 179),
(203, 4, 180),
(204, 4, 181),
(205, 4, 182),
(206, 4, 183),
(207, 4, 184),
(208, 4, 185),
(209, 4, 186),
(210, 4, 187),
(211, 4, 188),
(212, 4, 189),
(213, 4, 190),
(214, 4, 191),
(215, 4, 192),
(216, 4, 193),
(217, 4, 194),
(218, 4, 195),
(219, 4, 196),
(220, 4, 197),
(221, 4, 198),
(222, 4, 199),
(223, 4, 200),
(224, 4, 201),
(225, 4, 202),
(226, 4, 203),
(227, 4, 204),
(228, 4, 205),
(229, 4, 206),
(230, 4, 207),
(231, 4, 208),
(232, 4, 209),
(233, 4, 210),
(234, 4, 211),
(235, 4, 212),
(236, 4, 213),
(237, 4, 214),
(238, 4, 215),
(239, 5, 216),
(240, 5, 267),
(241, 5, 217),
(242, 5, 218),
(243, 5, 219),
(244, 5, 220),
(245, 5, 221),
(246, 5, 222),
(247, 5, 223),
(248, 5, 224),
(249, 5, 225),
(250, 5, 226),
(251, 5, 227),
(252, 5, 228),
(253, 5, 229),
(254, 5, 230),
(255, 5, 231),
(256, 5, 232),
(257, 5, 233),
(258, 5, 234),
(259, 5, 235),
(260, 5, 236),
(261, 5, 237),
(262, 5, 238),
(263, 5, 239),
(264, 5, 240),
(265, 5, 241),
(266, 5, 242),
(267, 5, 243),
(268, 5, 244),
(269, 5, 245),
(270, 5, 246),
(271, 5, 247),
(272, 5, 248),
(273, 5, 249),
(274, 5, 250),
(275, 5, 251),
(276, 5, 252),
(277, 5, 253),
(278, 5, 254),
(279, 5, 255),
(280, 5, 256),
(281, 5, 257),
(282, 5, 258),
(283, 5, 259),
(284, 5, 260),
(285, 5, 261),
(286, 5, 262),
(287, 5, 263),
(288, 5, 264),
(289, 5, 265),
(290, 5, 266);

-- --------------------------------------------------------

--
-- Структура таблицы `category`
--

CREATE TABLE IF NOT EXISTS `category` (
  `id` int(11) NOT NULL AUTO_INCREMENT,
  `name` varchar(255) NOT NULL,
  PRIMARY KEY (`id`)
) ENGINE=InnoDB  DEFAULT CHARSET=utf8 AUTO_INCREMENT=10 ;

--
-- Дамп данных таблицы `category`
--

INSERT INTO `category` (`id`, `name`) VALUES
(1, 'Легковые'),
(2, 'Мото'),
(3, 'Водный транспорт'),
(4, 'Спецтехника'),
(5, 'Прицепы'),
(6, 'Грузовики'),
(7, 'Автобусы'),
(8, 'Автодома'),
(9, 'Воздушный транспорт');

-- --------------------------------------------------------

--
-- Структура таблицы `city`
--

CREATE TABLE IF NOT EXISTS `city` (
  `id` int(11) NOT NULL AUTO_INCREMENT,
  `region_id` int(11) NOT NULL,
  `name` varchar(50) DEFAULT NULL,
  `phone_code` varchar(7) DEFAULT NULL,
  PRIMARY KEY (`id`)
) ENGINE=InnoDB  DEFAULT CHARSET=utf8 AUTO_INCREMENT=647 ;

--
-- Дамп данных таблицы `city`
--

INSERT INTO `city` (`id`, `region_id`, `name`, `phone_code`) VALUES
(1, 1, 'Винница', NULL),
(2, 2, 'Житомир', NULL),
(3, 3, 'Тернополь', NULL),
(4, 4, 'Хмельницкий', NULL),
(5, 5, 'Львов', NULL),
(6, 6, 'Чернигов', NULL),
(7, 7, 'Харьков', NULL),
(8, 8, 'Сумы', NULL),
(9, 9, 'Ровно', NULL),
(10, 10, 'Киев', NULL),
(11, 11, 'Днепропетровск', NULL),
(12, 12, 'Одесса', NULL),
(13, 13, 'Донецк', NULL),
(14, 14, 'Запорожье', NULL),
(15, 15, 'Ивано-Франковск', NULL),
(16, 16, 'Кировоград', NULL),
(17, 17, 'Луганск', NULL),
(18, 18, 'Луцк', NULL),
(19, 19, 'Николаев', NULL),
(20, 20, 'Полтава', NULL),
(21, 21, 'Симферополь', NULL),
(22, 22, 'Ужгород', NULL),
(23, 23, 'Херсон', NULL),
(24, 24, 'Черкассы', NULL),
(26, 21, 'Феодосия', NULL),
(27, 1, 'Жмеринка', NULL),
(28, 14, 'Мелитополь', NULL),
(29, 21, 'Керчь', NULL),
(30, 1, 'Казатин', NULL),
(31, 1, 'Крыжополь', NULL),
(32, 1, 'Липовец', NULL),
(33, 1, 'Литин', ''),
(34, 1, 'Могилев-Подольский', NULL),
(35, 1, 'Мурованые Куриловцы', NULL),
(36, 1, 'Немиров', NULL),
(37, 1, 'Оратов', NULL),
(38, 1, 'Песчанка', NULL),
(39, 1, 'Погребище', NULL),
(40, 1, 'Теплик', NULL),
(41, 1, 'Тывров', NULL),
(42, 1, 'Томашполь', NULL),
(43, 1, 'Тростянец', NULL),
(44, 1, 'Тульчин', NULL),
(45, 1, 'Хмельник', NULL),
(46, 1, 'Черновцы', NULL),
(47, 1, 'Чечельник', NULL),
(48, 1, 'Шаргород', NULL),
(49, 1, 'Ямполь', NULL),
(50, 18, 'Владимир-Волынский', NULL),
(51, 18, 'Горохов', NULL),
(52, 18, 'Иваничи', NULL),
(53, 18, 'Камень-Каширский', NULL),
(54, 18, 'Киверцы', NULL),
(55, 18, 'Ковель', NULL),
(56, 18, 'Локачи', NULL),
(59, 18, 'Любешов', NULL),
(60, 18, 'Любомль', NULL),
(61, 18, 'Маневичи', NULL),
(62, 18, 'Нововолынск', NULL),
(63, 18, 'Ратно', NULL),
(64, 18, 'Рожище', NULL),
(65, 18, 'Старая Выжевка', NULL),
(66, 18, 'Турийск', NULL),
(67, 18, 'Шацк', NULL),
(68, 11, 'Апостоловo', NULL),
(69, 11, 'Васильковка', NULL),
(70, 11, 'Верхнеднепровск', NULL),
(71, 11, 'Вольногорск', NULL),
(72, 11, 'Днепродзержинск', NULL),
(75, 11, 'Желтые Воды', NULL),
(76, 11, 'Кривой Рог', NULL),
(78, 11, 'Кринички', NULL),
(79, 11, 'Магдалиновка', NULL),
(80, 11, 'Марганец', NULL),
(81, 11, 'Межевая', NULL),
(82, 11, 'Никополь', NULL),
(83, 11, 'Новомосковск', NULL),
(84, 11, 'Орджоникидзе', NULL),
(85, 11, 'Павлоград', NULL),
(86, 11, 'Першотравенск', NULL),
(87, 11, 'Петриковка', NULL),
(88, 11, 'Петропавловка', NULL),
(89, 11, 'Покровское', NULL),
(90, 11, 'Пятихатки', NULL),
(91, 11, 'Синельниково', NULL),
(92, 11, 'Соленое', NULL),
(93, 11, 'Софиевка', NULL),
(94, 11, 'Терновка', NULL),
(95, 11, 'Томаковка', NULL),
(96, 11, 'Царичанка', NULL),
(97, 11, 'Широкое', NULL),
(98, 11, 'Юрьевка', NULL),
(99, 13, 'Амвросиевка', NULL),
(100, 13, 'Артемовск', NULL),
(101, 13, 'Великая Новоселка', NULL),
(102, 13, 'Волноваха', NULL),
(103, 13, 'Володарское', NULL),
(104, 13, 'Горловка', NULL),
(105, 13, 'Дебальцево', NULL),
(106, 13, 'Дзержинск', NULL),
(107, 13, 'Доброполье', NULL),
(109, 13, 'Дружковка', NULL),
(110, 13, 'Енакиево', NULL),
(111, 13, 'Кировское', NULL),
(112, 13, 'Константиновка', NULL),
(113, 13, 'Краматорск', NULL),
(114, 13, 'Красноармейск', NULL),
(115, 13, 'Красный Лиман', NULL),
(116, 13, 'Макеевка', NULL),
(117, 13, 'Мангуш', NULL),
(118, 13, 'Марьинка', NULL),
(119, 13, 'Мариуполь', NULL),
(120, 13, 'Новоазовск', NULL),
(121, 13, 'Александровка', NULL),
(122, 13, 'Селидово', NULL),
(123, 13, 'Славянск', NULL),
(124, 13, 'Снежное', NULL),
(125, 13, 'Старобешево', NULL),
(126, 13, 'Тельманово', NULL),
(127, 13, 'Торез', NULL),
(128, 13, 'Харцызск', NULL),
(129, 13, 'Шахтарск', NULL),
(130, 13, 'Ясиноватая', NULL),
(131, 2, 'Андрушевка', NULL),
(132, 2, 'Барановка', NULL),
(133, 2, 'Бердичев', NULL),
(134, 2, 'Брусилов', NULL),
(135, 2, 'Володарск-Волынский', NULL),
(137, 2, 'Емильчино', NULL),
(140, 2, 'Коростень', NULL),
(141, 2, 'Коростышев', NULL),
(142, 2, 'Лугины', NULL),
(143, 2, 'Любар', NULL),
(144, 2, 'Малин', NULL),
(145, 2, 'Народичи', NULL),
(146, 2, 'Новоград-Волынский', NULL),
(147, 2, 'Овруч', NULL),
(148, 2, 'Олевск', NULL),
(149, 2, 'Попельня', NULL),
(150, 2, 'Радомышль', NULL),
(151, 2, 'Ружин', NULL),
(152, 2, 'Червоноармейск', NULL),
(153, 2, 'Черняхов', NULL),
(154, 2, 'Чуднов', NULL),
(155, 22, 'Берегово', NULL),
(156, 22, 'Великий Березный', NULL),
(157, 22, 'Виноградов', NULL),
(158, 22, 'Воловец', NULL),
(159, 22, 'Иршавa', NULL),
(160, 22, 'Межгорье', NULL),
(161, 22, 'Мукачево', NULL),
(162, 22, 'Перечин', NULL),
(163, 22, 'Рахов', NULL),
(164, 22, 'Свалява', NULL),
(165, 22, 'Тячев', NULL),
(168, 22, 'Хуст', NULL),
(169, 22, 'Чоп', NULL),
(170, 14, 'Бердянск', NULL),
(171, 14, 'Васильевка', NULL),
(172, 14, 'Великая Белозерка', NULL),
(173, 14, 'Веселоe', NULL),
(174, 14, 'Вольнянск', NULL),
(175, 14, 'Гуляйполe', NULL),
(176, 14, 'Энергодар', NULL),
(179, 14, 'Каменка-Днепровская', NULL),
(180, 14, 'Куйбышево', NULL),
(182, 14, 'Михайловка', NULL),
(183, 14, 'Новониколаевка', NULL),
(184, 14, 'Орехов', NULL),
(185, 14, 'Пологи', NULL),
(186, 14, 'Приазовское', NULL),
(187, 14, 'Приморск', NULL),
(188, 14, 'Розовка', NULL),
(189, 14, 'Токмак', NULL),
(190, 14, 'Черниговка', NULL),
(191, 14, 'Акимовка', NULL),
(192, 15, 'Богородчаны', NULL),
(193, 15, 'Болехов', NULL),
(194, 15, 'Верховина', NULL),
(195, 15, 'Галич', NULL),
(196, 15, 'Городенка', NULL),
(197, 15, 'Долина', NULL),
(199, 15, 'Калуш', NULL),
(200, 15, 'Коломыя', NULL),
(201, 15, 'Косов', NULL),
(202, 15, 'Надворная', NULL),
(203, 15, 'Рогатин', NULL),
(204, 15, 'Рожнятов', NULL),
(205, 15, 'Снятин', NULL),
(206, 15, 'Тысменица', NULL),
(207, 15, 'Тлумач', NULL),
(208, 15, 'Яремча', NULL),
(209, 10, 'Барышевка', NULL),
(210, 10, 'Белая Церковь', NULL),
(211, 10, 'Богуслав', NULL),
(212, 10, 'Борисполь', NULL),
(213, 10, 'Бородянка', NULL),
(214, 10, 'Бровары', NULL),
(215, 10, 'Васильков', NULL),
(216, 10, 'Вышгород', NULL),
(217, 10, 'Володарка', NULL),
(218, 10, 'Згуровка', NULL),
(219, 10, 'Иванков', NULL),
(220, 10, 'Ирпень', NULL),
(221, 10, 'Кагарлык', NULL),
(223, 10, 'Макаров', NULL),
(224, 10, 'Мироновка', NULL),
(225, 10, 'Обухов', NULL),
(226, 10, 'Переяслав-Хмельницкий', NULL),
(227, 10, 'Полесское', NULL),
(228, 10, 'Ракитное', NULL),
(229, 10, 'Сквирa', NULL),
(230, 10, 'Славутич', NULL),
(231, 10, 'Ставище', NULL),
(232, 10, 'Тараща', NULL),
(233, 10, 'Тетиев', NULL),
(234, 10, 'Фастов', NULL),
(235, 10, 'Яготин', NULL),
(236, 16, 'Бобринец', NULL),
(237, 16, 'Ольшанка', NULL),
(238, 16, 'Гайворон', NULL),
(239, 16, 'Голованевск', NULL),
(240, 16, 'Добровеличковка', NULL),
(241, 16, 'Долинская', NULL),
(242, 16, 'Знаменка', NULL),
(245, 16, 'Компанеевка', NULL),
(246, 16, 'Малая Виска', NULL),
(247, 16, 'Новгородкa', NULL),
(248, 16, 'Новоархангельск', NULL),
(249, 16, 'Новомиргород', NULL),
(250, 16, 'Новоукраинка', NULL),
(251, 16, 'Александровка', NULL),
(252, 16, 'Александрия', NULL),
(253, 16, 'Онуфриевка', NULL),
(254, 16, 'Петрово', NULL),
(255, 16, 'Светловодск', NULL),
(256, 16, 'Ульяновка', NULL),
(257, 16, 'Устиновка', NULL),
(258, 17, 'Алчевск', NULL),
(259, 17, 'Антрацит', NULL),
(260, 17, 'Беловодск', NULL),
(261, 17, 'Белокуракинo', NULL),
(262, 17, 'Брянка', NULL),
(263, 17, 'Кировск', NULL),
(264, 17, 'Краснодон', NULL),
(265, 17, 'Красный Луч', NULL),
(266, 17, 'Кременная', NULL),
(267, 17, 'Лисичанск', NULL),
(269, 17, 'Лутугино', NULL),
(270, 17, 'Марковка', NULL),
(271, 17, 'Меловое', NULL),
(272, 17, 'Новоайдар', NULL),
(273, 17, 'Новопсков', NULL),
(274, 17, 'Первомайск', NULL),
(275, 17, 'Перевальск', NULL),
(276, 17, 'Попасная', NULL),
(277, 17, 'Ровеньки', NULL),
(278, 17, 'Рубежное', NULL),
(279, 17, 'Сватовo', NULL),
(280, 17, 'Свердловск', NULL),
(281, 17, 'Северодонецк', NULL),
(282, 17, 'Славяносербск', NULL),
(283, 17, 'Станично-Луганское', NULL),
(284, 17, 'Старобельск', NULL),
(285, 17, 'Стаханов', NULL),
(286, 17, 'Троицкое', NULL),
(287, 5, 'Борислав', NULL),
(288, 5, 'Броды', NULL),
(289, 5, 'Буск', NULL),
(290, 5, 'Городок', NULL),
(291, 5, 'Дрогобыч', NULL),
(292, 5, 'Жидачов', NULL),
(293, 5, 'Жолква', NULL),
(294, 5, 'Золочев', NULL),
(295, 5, 'Каменка-Бугская', NULL),
(297, 5, 'Николаев', NULL),
(298, 5, 'Мостиска', NULL),
(299, 5, 'Перемышляны', NULL),
(300, 5, 'Пустомыты', NULL),
(301, 5, 'Радехов', NULL),
(302, 5, 'Самбор', NULL),
(303, 5, 'Сколе', NULL),
(304, 5, 'Сокаль', NULL),
(305, 5, 'Старый Самбор', NULL),
(306, 5, 'Стрый', NULL),
(307, 5, 'Трускавец', NULL),
(308, 5, 'Турка', NULL),
(309, 5, 'Червоноград', NULL),
(310, 5, 'Яворов', NULL),
(311, 19, 'Арбузинка', NULL),
(312, 19, 'Баштанка', NULL),
(313, 19, 'Березанка', NULL),
(314, 19, 'Березнеговатое', NULL),
(315, 19, 'Братское', NULL),
(316, 19, 'Веселиново', NULL),
(317, 19, 'Вознесенск', NULL),
(318, 19, 'Врадиевка', NULL),
(319, 19, 'Доманевка', NULL),
(320, 19, 'Еланец', NULL),
(321, 19, 'Жовтневый район', NULL),
(322, 19, 'Казанка', NULL),
(323, 19, 'Кривое Озеро', NULL),
(326, 19, 'Новый Буг', NULL),
(327, 19, 'Новая Одесса', NULL),
(328, 19, 'Очаков', NULL),
(329, 19, 'Первомайск', NULL),
(330, 19, 'Снигиревка', NULL),
(331, 19, 'Южноукраинск', NULL),
(332, 12, 'Ананьев', NULL),
(333, 12, 'Арциз', NULL),
(334, 12, 'Балта', NULL),
(335, 12, 'Березовка', NULL),
(336, 12, 'Белгород-Днестровский', NULL),
(337, 12, 'Беляевка', NULL),
(338, 12, 'Болград', NULL),
(339, 12, 'Великая Михайловка', NULL),
(340, 12, 'Ивановка', NULL),
(341, 12, 'Измаил', NULL),
(342, 12, 'Ильичевск', NULL),
(343, 12, 'Килия', NULL),
(344, 12, 'Кодыма', NULL),
(345, 12, 'Коминтерновское', NULL),
(346, 12, 'Котовск', NULL),
(347, 12, 'Красные Окны', NULL),
(348, 12, 'Любашевка', NULL),
(349, 12, 'Николаевка', NULL),
(350, 12, 'Овидиополь', NULL),
(352, 12, 'Рени', NULL),
(353, 12, 'Раздельная', NULL),
(354, 12, 'Саврань', NULL),
(355, 12, 'Сарата', NULL),
(356, 12, 'Тарутино', NULL),
(357, 12, 'Татарбунари', NULL),
(358, 12, 'Фрунзовка', NULL),
(359, 12, 'Ширяево', NULL),
(360, 20, 'Великая Багачка', NULL),
(361, 20, 'Гадяч', NULL),
(362, 20, 'Глобино', NULL),
(363, 20, 'Гребенка', NULL),
(364, 20, 'Диканька', NULL),
(365, 20, 'Зеньков', NULL),
(366, 20, 'Карловка', NULL),
(367, 20, 'Кобеляки', NULL),
(368, 20, 'Козельщина', NULL),
(369, 20, 'Комсомольск', NULL),
(370, 20, 'Котельва', NULL),
(373, 20, 'Лохвица', NULL),
(374, 20, 'Лубны', NULL),
(375, 20, 'Машевка', NULL),
(376, 20, 'Миргород', NULL),
(377, 20, 'Новые Санжары', NULL),
(378, 20, 'Оржица', NULL),
(379, 20, 'Пирятин', NULL),
(382, 20, 'Решетиловка', NULL),
(383, 20, 'Семеновка', NULL),
(384, 20, 'Хорол', NULL),
(385, 20, 'Чернухи', NULL),
(386, 20, 'Чутово', NULL),
(387, 20, 'Шишаки', NULL),
(388, 9, 'Березно', NULL),
(389, 9, 'Владимирец', NULL),
(390, 9, 'Гоща', NULL),
(391, 9, 'Демидовка', NULL),
(392, 9, 'Дубно', NULL),
(393, 9, 'Дубровица', NULL),
(394, 9, 'Заречное', NULL),
(395, 9, 'Здолбунов', NULL),
(396, 9, 'Корец', NULL),
(397, 9, 'Костополь', NULL),
(398, 9, 'Кузнецовск', NULL),
(399, 9, 'Млынов', NULL),
(400, 9, 'Острог', NULL),
(401, 9, 'Радивилов', NULL),
(404, 9, 'Ракитное', NULL),
(405, 9, 'Сарны', NULL),
(406, 8, 'Белополье', NULL),
(407, 8, 'Бурынь', NULL),
(408, 8, 'Великая Писаревка', NULL),
(409, 8, 'Глухов', NULL),
(410, 8, 'Конотоп', NULL),
(411, 8, 'Краснополье', NULL),
(412, 8, 'Кролевец', NULL),
(413, 8, 'Лебедин', NULL),
(414, 8, 'Липовая Долина', NULL),
(415, 8, 'Недригайлов', NULL),
(416, 8, 'Ахтырка', NULL),
(417, 8, 'Путивль', NULL),
(418, 8, 'Ромны', NULL),
(419, 8, 'Середина-Буда', NULL),
(422, 8, 'Тростянец', NULL),
(423, 8, 'Шостка', NULL),
(424, 8, 'Ямполь', NULL),
(425, 3, 'Бережаны', NULL),
(426, 3, 'Борщев', NULL),
(427, 3, 'Бучач', NULL),
(428, 3, 'Гусятин', NULL),
(429, 3, 'Залещики', NULL),
(430, 3, 'Збараж', NULL),
(431, 3, 'Зборов', NULL),
(432, 3, 'Козова', NULL),
(433, 3, 'Кременец', NULL),
(434, 3, 'Лановцы', NULL),
(435, 3, 'Монастыриска', NULL),
(436, 3, 'Подволочиск', NULL),
(437, 3, 'Подгайцы', NULL),
(438, 3, 'Теребовля', NULL),
(441, 3, 'Чертков', NULL),
(442, 3, 'Шумское', NULL),
(443, 7, 'Балаклея', NULL),
(444, 7, 'Барвенково', NULL),
(445, 7, 'Близнюки', NULL),
(446, 7, 'Богодухов', NULL),
(447, 7, 'Боровая', NULL),
(448, 7, 'Валки', NULL),
(449, 7, 'Великий Бурлук', NULL),
(450, 7, 'Волчанск', NULL),
(451, 7, 'Двуреченское', NULL),
(452, 7, 'Дергачи', NULL),
(453, 7, 'Зачепиловка', NULL),
(454, 7, 'Змиев', NULL),
(455, 7, 'Золочев', NULL),
(456, 7, 'Изюм', NULL),
(457, 7, 'Кегичевка', NULL),
(458, 7, 'Коломак', NULL),
(459, 7, 'Красноград', NULL),
(460, 7, 'Краснокутск', NULL),
(461, 7, 'Купянск', NULL),
(462, 7, 'Лозовая', NULL),
(463, 7, 'Новая Водолага', NULL),
(464, 7, 'Первомайский', NULL),
(465, 7, 'Печенеги', NULL),
(466, 7, 'Сахновщина', NULL),
(469, 7, 'Чугуев', NULL),
(470, 7, 'Шевченково', NULL),
(471, 23, 'Берислав', NULL),
(472, 23, 'Белозерка', NULL),
(473, 23, 'Великая Лепетиха', NULL),
(474, 23, 'Великая Александровка', NULL),
(475, 23, 'Верхний Рогачик', NULL),
(476, 23, 'Высокополье', NULL),
(477, 23, 'Геническ', NULL),
(478, 23, 'Голая Пристань', NULL),
(479, 23, 'Горностаевка', NULL),
(480, 23, 'Ивановка', NULL),
(481, 23, 'Каланчак', NULL),
(482, 23, 'Каховка', NULL),
(483, 23, 'Нижние Серогозы', NULL),
(484, 23, 'Новая Каховка', NULL),
(485, 23, 'Нововоронцовка', NULL),
(486, 23, 'Новотроицкое', NULL),
(487, 23, 'Скадовск', NULL),
(489, 23, 'Цюрупинск', NULL),
(490, 23, 'Чаплинка', NULL),
(491, 4, 'Белогорье', NULL),
(492, 4, 'Виньковцы', NULL),
(493, 4, 'Волочиск', NULL),
(494, 4, 'Городок', NULL),
(495, 4, 'Деражня', NULL),
(496, 4, 'Дунаевцы', NULL),
(497, 4, 'Изяслав', NULL),
(498, 4, 'Каменец-Подольский', NULL),
(499, 4, 'Красилов', NULL),
(500, 4, 'Летичев', NULL),
(501, 4, 'Нетешин', NULL),
(502, 4, 'Новая Ушица', NULL),
(503, 4, 'Полонное', NULL),
(504, 4, 'Славута', NULL),
(505, 4, 'Староконстантинов', NULL),
(506, 4, 'Старая Синява', NULL),
(507, 4, 'Теофиполь', NULL),
(510, 4, 'Чемеровцы', NULL),
(511, 4, 'Шепетовка', NULL),
(512, 4, 'Ярмолинцы', NULL),
(513, 24, 'Городище', NULL),
(514, 24, 'Драбов', NULL),
(515, 24, 'Жашков', NULL),
(516, 24, 'Звенигородка', NULL),
(517, 24, 'Золотоноша', NULL),
(518, 24, 'Каменка', NULL),
(519, 24, 'Канев', NULL),
(520, 24, 'Катеринополь', NULL),
(521, 24, 'Корсунь-Шевченковский', NULL),
(522, 24, 'Лысянка', NULL),
(523, 24, 'Маньковка', NULL),
(524, 24, 'Монастырище', NULL),
(525, 24, 'Смела', NULL),
(526, 24, 'Тальное', NULL),
(527, 24, 'Умань', NULL),
(528, 24, 'Христиновка', NULL),
(531, 24, 'Чигирин', NULL),
(532, 24, 'Чернобай', NULL),
(533, 24, 'Шпола', NULL),
(546, 6, 'Бахмач', NULL),
(547, 6, 'Бобровица', NULL),
(548, 6, 'Борзна', NULL),
(549, 6, 'Варва', NULL),
(550, 6, 'Городня', NULL),
(551, 6, 'Ичня', NULL),
(552, 6, 'Козелец', NULL),
(553, 6, 'Короп', NULL),
(554, 6, 'Корюковка', NULL),
(555, 6, 'Куликовка', NULL),
(556, 6, 'Мена', NULL),
(557, 6, 'Нежин', NULL),
(558, 6, 'Новгород-Северский', NULL),
(559, 6, 'Носовка', NULL),
(560, 6, 'Прилуки', NULL),
(561, 6, 'Репки', NULL),
(562, 6, 'Семеновка', NULL),
(563, 6, 'Сосница', NULL),
(564, 6, 'Сребное', NULL),
(565, 6, 'Талалаевка', NULL),
(568, 6, 'Щорс', NULL),
(570, 21, 'Алушта', NULL),
(571, 21, 'Нижнегорский', NULL),
(582, 21, 'Раздольное', NULL),
(583, 21, 'Бахчисарай', NULL),
(584, 21, 'Саки', NULL),
(585, 21, 'Красноперекопск', NULL),
(586, 21, 'Ленино', NULL),
(587, 21, 'Советский', NULL),
(588, 21, 'Судак', NULL),
(589, 21, 'Евпатория', NULL),
(591, 21, 'Первомайское', NULL),
(592, 21, 'Черноморское', NULL),
(593, 21, 'Севастополь', NULL),
(594, 21, 'Ялта', NULL),
(595, 21, 'Красногвардейское', NULL),
(596, 21, 'Белогорск', NULL),
(597, 1, 'Бар', NULL),
(598, 21, 'Кировское', NULL),
(599, 1, 'Бершадь', NULL),
(600, 21, 'Джанкой', NULL),
(602, 1, 'Гайсин', NULL),
(603, 1, 'Ильинцы', NULL),
(604, 1, 'Калиновка', NULL),
(605, 20, 'Кременчуг', NULL),
(606, 2, 'Романов', NULL),
(607, 13, 'Авдеевка', NULL),
(608, 15, 'Бурштын', NULL),
(609, 1, 'Гнивань', NULL),
(610, 10, 'Вишневое', NULL),
(611, 10, 'Украинка', NULL),
(612, 10, 'Буча', NULL),
(613, 19, 'Коблево', NULL),
(614, 5, 'Сосновка', NULL),
(615, 22, 'Ждениево', NULL),
(616, 21, 'Коктебель', NULL),
(617, 5, 'Славское', NULL),
(618, 21, 'Алупка', NULL),
(619, 22, 'Драгобрат', NULL),
(620, 21, 'Гурзуф', NULL),
(621, 15, 'Буковель', NULL),
(622, 22, 'Поляна', NULL),
(624, 23, 'Железный Порт', NULL),
(625, 12, 'Затока', NULL),
(626, 10, 'Ржищев', NULL),
(627, 21, 'Мисхор', NULL),
(628, 21, 'Кореиз', NULL),
(629, 21, 'Форос', NULL),
(630, 21, 'Николаевка', NULL),
(632, 5, 'Новий Роздол', NULL),
(633, 14, 'Кирилловка', NULL),
(634, 7, 'Люботин', NULL),
(635, 12, 'Теплодар', NULL),
(636, 10, 'Березань', NULL),
(637, 10, 'Боярка', NULL),
(638, 13, 'Димитров', NULL),
(639, 13, 'Докучаевск', NULL),
(640, 13, 'Ждановка', NULL),
(641, 13, 'Новогродовка', NULL),
(642, 13, 'Угледар', NULL),
(643, 12, 'Южный', NULL),
(644, 1, 'Ладыжин', NULL),
(645, 24, 'Ватутино', NULL),
(646, 5, 'Моршин', NULL);

-- --------------------------------------------------------

--
-- Структура таблицы `color`
--

CREATE TABLE IF NOT EXISTS `color` (
  `id` int(11) NOT NULL AUTO_INCREMENT,
  `name` varchar(255) NOT NULL,
  `hash` varchar(6) NOT NULL,
  PRIMARY KEY (`id`)
) ENGINE=InnoDB  DEFAULT CHARSET=utf8 AUTO_INCREMENT=21 ;

--
-- Дамп данных таблицы `color`
--

INSERT INTO `color` (`id`, `name`, `hash`) VALUES
(1, 'Белый', ''),
(2, 'Черный ', ''),
(3, 'Синий', ''),
(4, 'Серебряный', ''),
(5, 'Серый', ''),
(6, 'Асфальт', ''),
(7, 'Бежевый', ''),
(8, 'Бронзовый', ''),
(9, 'Вишневый', ''),
(10, 'Голубой', ''),
(11, 'Гранатовый', ''),
(12, 'Желтый', ''),
(13, 'Зеленый', ''),
(14, 'Золотой', ''),
(15, 'Коричневый', ''),
(16, 'Красный', ''),
(17, 'Магнолии', ''),
(18, 'Розовый', ''),
(19, 'Сафари', ''),
(20, 'Фиолетовый', '');

-- --------------------------------------------------------

--
-- Структура таблицы `comfort`
--

CREATE TABLE IF NOT EXISTS `comfort` (
  `id` int(11) NOT NULL AUTO_INCREMENT,
  `attr` varchar(255) NOT NULL,
  PRIMARY KEY (`id`)
) ENGINE=InnoDB  DEFAULT CHARSET=utf8 AUTO_INCREMENT=17 ;

--
-- Дамп данных таблицы `comfort`
--

INSERT INTO `comfort` (`id`, `attr`) VALUES
(1, 'Бортовой компьютер '),
(2, 'Датчик света '),
(3, 'Климат контроль '),
(4, 'Кожаный салон '),
(5, 'Кондиционер '),
(6, 'Круиз контроль '),
(7, 'Люк'),
(8, 'Мультируль '),
(9, 'Омыватель фар '),
(10, 'Парктроник '),
(11, 'Подогрев зеркал '),
(12, 'Подогрев сидений '),
(13, 'Сенсор дождя '),
(14, 'Усилитель руля '),
(15, 'Эл. стеклоподъемники'),
(16, 'Электропакет');

-- --------------------------------------------------------

--
-- Структура таблицы `doors`
--

CREATE TABLE IF NOT EXISTS `doors` (
  `id` int(11) NOT NULL AUTO_INCREMENT,
  `doors_count` tinyint(4) NOT NULL,
  PRIMARY KEY (`id`)
) ENGINE=InnoDB DEFAULT CHARSET=utf8 AUTO_INCREMENT=1 ;

-- --------------------------------------------------------

--
-- Структура таблицы `drive`
--

CREATE TABLE IF NOT EXISTS `drive` (
  `id` int(11) NOT NULL AUTO_INCREMENT,
  `type` varchar(255) NOT NULL,
  PRIMARY KEY (`id`)
) ENGINE=InnoDB  DEFAULT CHARSET=utf8 AUTO_INCREMENT=4 ;

--
-- Дамп данных таблицы `drive`
--

INSERT INTO `drive` (`id`, `type`) VALUES
(1, 'Задний'),
(2, 'Передний'),
(3, 'Полный');

-- --------------------------------------------------------

--
-- Структура таблицы `fuel`
--

CREATE TABLE IF NOT EXISTS `fuel` (
  `id` int(11) NOT NULL AUTO_INCREMENT,
  `type` varchar(255) NOT NULL,
  PRIMARY KEY (`id`)
) ENGINE=InnoDB  DEFAULT CHARSET=utf8 AUTO_INCREMENT=9 ;

--
-- Дамп данных таблицы `fuel`
--

INSERT INTO `fuel` (`id`, `type`) VALUES
(1, 'Бензин'),
(2, 'Газ метан'),
(3, 'Газ пропан-бутан'),
(4, 'Газ/бензин'),
(5, 'Гибрид'),
(6, 'Дизель'),
(7, 'Электро'),
(8, 'Другое');

-- --------------------------------------------------------

--
-- Структура таблицы `mark`
--

CREATE TABLE IF NOT EXISTS `mark` (
  `id` int(11) NOT NULL AUTO_INCREMENT,
  `name` varchar(255) NOT NULL,
  PRIMARY KEY (`id`)
) ENGINE=InnoDB  DEFAULT CHARSET=utf8 AUTO_INCREMENT=268 ;

--
-- Дамп данных таблицы `mark`
--

INSERT INTO `mark` (`id`, `name`) VALUES
(1, 'Acura'),
(2, 'Alfa Romeo'),
(3, 'Alpina'),
(4, 'Aro'),
(5, 'Asia'),
(6, 'Aston Martin'),
(7, 'Audi'),
(8, 'Austin'),
(9, 'Bentley'),
(10, 'BMW'),
(11, 'Brilliance'),
(12, 'Bugatti'),
(13, 'Buick'),
(14, 'BYD'),
(15, 'Cadillac'),
(16, 'Caterham'),
(17, 'ChangFeng'),
(18, 'Chery'),
(19, 'Chevrolet'),
(20, 'Chrysler'),
(21, 'Citroen'),
(22, 'Coggiola'),
(23, 'Dacia'),
(24, 'Dadi'),
(25, 'Daewoo'),
(26, 'Daihatsu'),
(27, 'Daimler'),
(28, 'Derways'),
(29, 'Dodge'),
(30, 'Dong Feng'),
(31, 'Doninvest'),
(32, 'Donkervoort'),
(33, 'Eagle'),
(34, 'FAW'),
(35, 'Ferrari'),
(36, 'Fiat'),
(37, 'Ford'),
(38, 'Geely'),
(39, 'Geo'),
(40, 'GMC'),
(41, 'Great Wall'),
(42, 'Hafei'),
(43, 'Honda'),
(44, 'HuangHai'),
(45, 'Hummer'),
(46, 'Hyundai'),
(47, 'Infiniti'),
(48, 'Iran Khodro'),
(49, 'Isuzu'),
(50, 'JAC'),
(51, 'Jaguar'),
(52, 'Jeep'),
(53, 'Kia'),
(54, 'Koenigsegg'),
(55, 'Lamborghini'),
(56, 'Lancia'),
(57, 'Land Rover'),
(58, 'Landwind'),
(59, 'Lexus'),
(60, 'Lifan'),
(61, 'Lincoln'),
(62, 'Lotus'),
(63, 'Mahindra'),
(64, 'Maruti'),
(65, 'Maserati'),
(66, 'Maybach'),
(67, 'Mazda'),
(68, 'Mercedes-Benz'),
(69, 'Mercury'),
(70, 'Metrocab'),
(71, 'MG'),
(72, 'Microcar'),
(73, 'Mini'),
(74, 'Mitsubishi'),
(75, 'Mitsuoka'),
(76, 'Morgan'),
(77, 'Nissan'),
(78, 'Oldsmobile'),
(79, 'Opel'),
(80, 'Pagani'),
(81, 'Peugeot'),
(82, 'Plymouth'),
(83, 'Pontiac'),
(84, 'Porsche'),
(85, 'Proton'),
(86, 'PUCH'),
(87, 'Renault'),
(88, 'Rolls-Royce'),
(89, 'Rover'),
(90, 'Saab'),
(91, 'Saleen'),
(92, 'Saturn'),
(93, 'Scion'),
(94, 'SEAT'),
(95, 'ShuangHuan'),
(96, 'Skoda'),
(97, 'Smart'),
(98, 'Spyker'),
(99, 'SsangYong'),
(100, 'Subaru'),
(101, 'Suzuki'),
(102, 'Tatra'),
(103, 'Tianma'),
(104, 'Tianye'),
(105, 'Toyota'),
(106, 'Trabant'),
(107, 'TVR'),
(108, 'Vector'),
(109, 'Volkswagen'),
(110, 'Volvo'),
(111, 'Wartburg'),
(112, 'Wiesmann'),
(113, 'Xin Kai'),
(114, 'ZX'),
(115, 'ВАЗ'),
(116, 'Велта'),
(117, 'ГАЗ'),
(118, 'ЗАЗ'),
(119, 'ЗИЛ'),
(120, 'ИЖ'),
(121, 'КАМАЗ'),
(122, 'ЛУАЗ'),
(123, 'Москвич'),
(124, 'СеАЗ'),
(125, 'СМЗ'),
(126, 'ТагАЗ'),
(127, 'УАЗ'),
(128, 'Kawasaki'),
(129, 'AB Yachts'),
(130, 'Abacus marine'),
(131, 'Aqua Star'),
(132, 'Baha Cruise'),
(133, 'Bestway'),
(134, 'Cortina'),
(135, 'Cruisers Yachts'),
(136, 'Futer Beach'),
(137, 'Galeon'),
(138, 'Kalipso'),
(139, 'Mariner'),
(140, 'Marsun'),
(141, 'Piranha'),
(142, 'SeaArk'),
(143, 'TAIFUN'),
(144, 'Zodiac'),
(145, 'Адмиралец'),
(146, 'Амур'),
(147, 'Волга'),
(148, 'Волна'),
(149, 'Волна'),
(151, 'ABG Titan'),
(152, 'Agco'),
(153, 'AGT'),
(154, 'Ammann'),
(155, 'Astra'),
(156, 'Atlas'),
(157, 'Aurora'),
(158, 'Bantam'),
(159, 'BCS'),
(160, 'BERKO'),
(161, 'Bizon'),
(162, 'Branson'),
(163, 'CAT Lexion'),
(164, 'ChengGong'),
(165, 'Demag'),
(166, 'Desta'),
(167, 'Deutz-Fahr'),
(168, 'Ditch Witch'),
(169, 'Eagle'),
(170, 'EP Equipment'),
(171, 'Eurocomach'),
(172, 'Fiat-Hitachi'),
(173, 'Forway'),
(174, 'Furukawa'),
(175, 'GANZ'),
(176, 'Great Plains'),
(177, 'Grove'),
(178, 'Hassia'),
(179, 'Hitachi'),
(180, 'Hoffmann'),
(181, 'Husqvarna'),
(182, 'JAC'),
(183, 'JCB'),
(184, 'Kaeser'),
(185, 'Kato'),
(186, 'Kawasaki'),
(187, 'Kobelco'),
(188, 'Komatsu'),
(189, 'Lambardini'),
(190, 'MAN'),
(191, 'O&K'),
(192, 'Pottinger'),
(193, 'SaMASZ'),
(194, 'SCHMIDT'),
(195, 'TAISHAN'),
(196, 'Universal'),
(197, 'ZT'),
(198, 'Агромаш'),
(199, 'Алтаец'),
(200, 'БДТ'),
(201, 'Бригадир'),
(202, 'Восход'),
(203, 'ДКТ'),
(204, 'Енисей'),
(205, 'КИР'),
(206, 'КИР'),
(207, 'Мотор-Сич'),
(208, 'Одессельмаш'),
(209, 'ПАГЗ'),
(210, 'Росич'),
(211, 'Ростсельмаш'),
(212, 'ТМК'),
(213, 'Фермер'),
(214, 'Фрегат'),
(215, 'ЮМЗ'),
(216, 'Abbey'),
(217, 'Abi'),
(218, 'Ackermann'),
(219, 'ADR Trailers'),
(220, 'Al-ko'),
(221, 'Ali Riza Usta'),
(222, 'Anhanger'),
(223, 'Barthau'),
(224, 'Bartoletti'),
(225, 'Berger'),
(226, 'Beyerland'),
(227, 'Bodex'),
(228, 'Brandl'),
(229, 'BRIAB'),
(230, 'BSS'),
(231, 'Caravan'),
(232, 'Cardi'),
(233, 'Cartwright'),
(234, 'CMT'),
(235, 'Compass'),
(236, 'Craven Tasker'),
(237, 'Dennison'),
(238, 'Dethleffs'),
(239, 'Dromech'),
(240, 'Feber'),
(241, 'Fromberger'),
(242, 'General Trailers'),
(243, 'GRAND'),
(244, 'Haulmark'),
(245, 'Henra'),
(246, 'Home Car'),
(247, 'Hymer'),
(248, 'Kelberg'),
(249, 'Kogel'),
(250, 'Lamberet'),
(251, 'Leveqves'),
(252, 'Maxum'),
(253, 'MEGA'),
(254, 'Montracon'),
(255, 'NARKO'),
(256, 'Nieviadov'),
(257, 'Ova'),
(258, 'Pezzaioli'),
(259, 'Rehau'),
(260, 'Rossart'),
(261, 'Schier'),
(262, 'STEMA'),
(263, 'SWIFT'),
(264, 'Techau'),
(265, 'Van Hool'),
(266, 'Wecon'),
(267, 'Zorzi');

-- --------------------------------------------------------

--
-- Структура таблицы `marks_models`
--

CREATE TABLE IF NOT EXISTS `marks_models` (
  `model_id` int(11) NOT NULL,
  `mark_id` int(11) NOT NULL
) ENGINE=InnoDB DEFAULT CHARSET=utf8;

-- --------------------------------------------------------

--
-- Структура таблицы `model`
--

CREATE TABLE IF NOT EXISTS `model` (
  `id` int(11) NOT NULL AUTO_INCREMENT,
  `name` varchar(255) NOT NULL,
  `mark_id` int(11) NOT NULL,
  `subcat_id` int(11) NOT NULL,
  PRIMARY KEY (`id`)
) ENGINE=InnoDB  DEFAULT CHARSET=utf8 AUTO_INCREMENT=1546 ;

--
-- Дамп данных таблицы `model`
--

INSERT INTO `model` (`id`, `name`, `mark_id`, `subcat_id`) VALUES
(1, 'CL', 1, 1),
(2, 'EL', 1, 1),
(3, 'Integra', 1, 1),
(4, 'MDX', 1, 2),
(5, 'NSX', 1, 4),
(6, 'RDX', 1, 4),
(7, 'RL', 1, 0),
(8, 'RSX', 1, 0),
(9, 'TL', 1, 0),
(10, 'TSX', 1, 0),
(11, '33', 2, 0),
(12, '75', 2, 0),
(13, '145', 2, 0),
(14, '146', 2, 0),
(15, '147', 2, 0),
(16, '155', 2, 0),
(17, '156', 2, 0),
(18, '159', 2, 0),
(19, '164', 2, 0),
(20, '166', 2, 0),
(21, 'Alfetta', 2, 0),
(22, 'Brera', 2, 0),
(23, 'GT', 2, 0),
(24, 'GTV', 2, 0),
(25, 'Giulietta', 2, 0),
(26, 'Spider', 2, 0),
(27, 'B11', 3, 0),
(28, 'B12', 3, 0),
(29, 'B3', 3, 0),
(30, 'B6', 3, 0),
(31, 'B7', 3, 0),
(32, 'Roadster S', 3, 0),
(33, '10', 4, 0),
(34, '24', 4, 0),
(35, 'Rocsta', 5, 0),
(36, 'DB7', 6, 6),
(37, 'DB9', 6, 6),
(38, 'DBS', 6, 6),
(39, 'V12 Vanquish', 6, 6),
(40, 'V8', 6, 1),
(41, '80', 7, 1),
(42, '90', 7, 1),
(43, '100', 7, 1),
(44, '200', 7, 1),
(45, 'A2', 7, 1),
(46, 'A3', 7, 1),
(47, 'A4', 7, 1),
(48, 'A5', 7, 1),
(49, 'A6', 7, 1),
(50, 'A8', 7, 1),
(51, 'Allroad', 7, 2),
(52, 'Cabriolet', 7, 8),
(53, 'Coupe', 7, 6),
(54, 'Q7', 7, 2),
(55, 'Quattro', 7, 1),
(56, 'R8', 7, 6),
(57, 'RS4', 7, 6),
(58, 'RS6', 7, 6),
(59, 'S2', 7, 1),
(60, 'S3', 7, 1),
(61, 'S4', 7, 1),
(62, 'S5', 7, 1),
(63, 'S6', 7, 1),
(64, 'S8', 7, 1),
(65, 'TT', 7, 6),
(66, 'V8 (D11)', 7, 1),
(67, 'Metro', 8, 0),
(68, 'Mini MK', 8, 0),
(69, 'Montego', 8, 0),
(70, 'Arnage', 9, 6),
(71, 'Azure', 9, 6),
(72, 'Brooklands', 9, 6),
(73, 'Continental', 9, 6),
(74, 'Mulsanne', 9, 1),
(75, 'Turbo R', 9, 6),
(76, '02 (E10)', 10, 1),
(77, '1er 116', 10, 1),
(78, '1er 118', 10, 1),
(79, '1er 120', 10, 1),
(80, '1er 130', 10, 1),
(81, '3er 315', 10, 1),
(82, '3er 316', 10, 1),
(83, '3er 318', 10, 1),
(84, '3er 320', 10, 1),
(85, '3er 323', 10, 1),
(86, '3er 324', 10, 1),
(87, '3er 325', 10, 1),
(88, '3er 328', 10, 1),
(89, '3er 330', 10, 1),
(90, '3er 335', 10, 1),
(91, '5er 518', 10, 1),
(92, '5er 520', 10, 1),
(93, '5er 523', 10, 1),
(94, '5er 524', 10, 1),
(95, '5er 525', 10, 1),
(96, '5er 528', 10, 1),
(97, '5er 530', 10, 1),
(98, '5er 535', 10, 1),
(99, '5er 540', 10, 1),
(100, '5er 545', 10, 1),
(101, '5er 550', 10, 1),
(102, '6er 628', 10, 1),
(103, '6er 630', 10, 1),
(104, '6er 635', 10, 1),
(105, '6er 645', 10, 1),
(106, '6er 650', 10, 1),
(107, '7er 725', 10, 1),
(108, '7er 728', 10, 1),
(109, '7er 730', 10, 1),
(110, '7er 732', 10, 1),
(111, '7er 735', 10, 1),
(112, '7er 740', 10, 1),
(113, '7er 745', 10, 1),
(114, '7er 750', 10, 1),
(115, '7er 760', 10, 1),
(116, '8er 850', 10, 1),
(117, 'M3', 10, 1),
(118, 'M5', 10, 1),
(119, 'M6', 10, 6),
(120, 'X3', 10, 2),
(121, 'X5', 10, 2),
(122, 'X6', 10, 2),
(123, 'Z1', 10, 6),
(124, 'Z3', 10, 6),
(125, 'Z3 M', 10, 6),
(126, 'Z4', 10, 6),
(127, 'Z4 M', 10, 6),
(128, 'Z8', 10, 6),
(129, 'M1', 11, 1),
(130, 'M2', 11, 1),
(131, '57 SC Atlantic', 12, 6),
(132, 'EB 16.4', 12, 6),
(133, 'Century', 13, 1),
(134, 'Enclave', 13, 1),
(135, 'LE Sabre', 13, 1),
(136, 'Park Avenue', 13, 1),
(137, 'Reatta', 13, 1),
(138, 'Rendezvous', 13, 1),
(139, 'Riviera', 13, 1),
(140, 'Roadmaster', 13, 1),
(141, 'Skylark', 13, 1),
(142, 'F3', 14, 1),
(143, 'FLYER II', 14, 1),
(144, 'BLS', 15, 1),
(145, 'CTS', 15, 6),
(146, 'Catera', 15, 1),
(147, 'DE Ville', 15, 1),
(148, 'Eldorado', 15, 1),
(149, 'Escalade', 15, 2),
(150, 'Fleetwood', 15, 1),
(151, 'SRX', 15, 1),
(152, 'STS', 15, 1),
(153, 'Seville', 15, 1),
(154, 'XLR', 15, 1),
(155, 'Super Seven', 16, 0),
(156, 'Flying', 17, 0),
(157, 'SUV', 17, 0),
(158, 'Amulet', 18, 1),
(159, 'Flagcloud', 18, 1),
(160, 'Fora', 18, 1),
(161, 'Kimo (A1)', 18, 1),
(162, 'Oriental Son', 18, 1),
(163, 'QQ6 (S21)', 18, 6),
(164, 'Sweet (QQ)', 18, 6),
(165, 'Tiggo', 18, 6),
(166, 'Alero', 19, 1),
(167, 'Astro', 19, 1),
(168, 'Avalanche', 19, 1),
(169, 'Aveo', 19, 1),
(170, 'Beretta', 19, 1),
(171, 'Blazer', 19, 1),
(172, 'C-10', 19, 1),
(173, 'Camaro', 19, 6),
(174, 'Caprice', 19, 1),
(175, 'Captiva', 19, 1),
(176, 'Cavalier', 19, 1),
(177, 'Cobalt', 19, 1),
(178, 'Colorado', 19, 1),
(179, 'Corsica', 19, 1),
(180, 'Corvette', 19, 1),
(181, 'Epica', 19, 1),
(182, 'Equinox', 19, 1),
(183, 'Evanda', 19, 1),
(184, 'Express', 19, 1),
(185, 'Geo Storm', 19, 1),
(186, 'HHR', 19, 1),
(187, 'Impala', 19, 1),
(188, 'Lacetti', 19, 1),
(189, 'Lanos', 19, 1),
(190, 'Lumina', 19, 1),
(191, 'Metro', 19, 1),
(192, 'Niva', 19, 2),
(193, 'Prizm', 19, 1),
(194, 'Rezzo', 19, 1),
(195, 'SSR', 19, 1),
(196, 'Savana', 19, 1),
(197, 'Silverado', 19, 1),
(198, 'Spark', 19, 1),
(199, 'Starcraft', 19, 1),
(200, 'Suburban', 19, 1),
(201, 'Tahoe', 19, 1),
(202, 'Tracker', 19, 2),
(203, 'Trailblazer', 19, 1),
(204, 'Uplander', 19, 2),
(205, 'Van', 19, 3),
(206, 'Venture', 19, 2),
(207, 'Viva', 19, 1),
(208, '300C', 20, 1),
(209, '300M', 20, 1),
(210, 'Aspen', 20, 1),
(211, 'Cirrus', 20, 1),
(212, 'Concorde', 20, 1),
(213, 'Crossfire', 20, 6),
(214, 'Fifth Avenue', 20, 1),
(215, 'Grand Voyager', 20, 2),
(216, 'Intrepid', 20, 1),
(217, 'LE Baron', 20, 1),
(218, 'LHS', 20, 1),
(219, 'NEW Yorker', 20, 1),
(220, 'Neon', 20, 1),
(221, 'PT Cruiser', 20, 1),
(222, 'Pacifica', 20, 1),
(223, 'Prowler', 20, 1),
(224, 'Saratoga', 20, 1),
(225, 'Sebring', 20, 1),
(226, 'Stratus', 20, 1),
(227, 'Town &amp; Country', 20, 1),
(228, 'Tracker', 20, 163),
(229, 'Vision', 20, 1),
(230, 'Voyager', 20, 2),
(231, 'AX', 21, 1),
(232, 'BX', 21, 1),
(233, 'Berlingo', 21, 4),
(234, 'C2', 21, 4),
(235, 'C25', 21, 1),
(236, 'C3', 21, 4),
(237, 'C4', 21, 4),
(238, 'C4 Picasso', 21, 4),
(239, 'C5', 21, 4),
(240, 'C6', 21, 4),
(241, 'C8', 21, 4),
(242, 'Evasion', 21, 1),
(243, 'Jumper', 21, 4),
(244, 'Jumpy', 21, 1),
(245, 'LNA', 21, 1),
(246, 'Saxo', 21, 4),
(247, 'Visa', 21, 1),
(248, 'XM', 21, 1),
(249, 'Xantia', 21, 1),
(250, 'Xsara', 21, 1),
(251, 'Xsara Picasso', 21, 1),
(252, 'ZX', 21, 1),
(253, 'T-Rex', 22, 0),
(254, '1410', 23, 0),
(255, 'City Leading', 24, 0),
(256, 'Shuttle', 24, 0),
(257, 'Damas', 25, 1),
(258, 'Espero', 25, 1),
(259, 'Evanda', 25, 1),
(260, 'Kalos', 25, 1),
(261, 'LE Mans', 25, 1),
(262, 'Lacetti', 25, 1),
(263, 'Lanos', 25, 1),
(264, 'Leganza', 25, 1),
(265, 'Magnus', 25, 1),
(266, 'Matiz', 25, 4),
(267, 'Nexia', 25, 1),
(268, 'Nubira', 25, 1),
(269, 'Prince', 25, 1),
(270, 'Racer', 25, 6),
(271, 'Rezzo', 25, 1),
(272, 'Tacuma', 25, 1),
(273, 'Tico', 25, 4),
(274, 'Altis', 26, 0),
(275, 'Applause', 26, 0),
(276, 'Atrai/extol', 26, 0),
(277, 'Be-go', 26, 0),
(278, 'Boon', 26, 0),
(279, 'Charade', 26, 0),
(280, 'Copen', 26, 0),
(281, 'Cuore', 26, 0),
(282, 'Esse', 26, 0),
(283, 'Feroza', 26, 0),
(284, 'Materia', 26, 0),
(285, 'Mira', 26, 0),
(286, 'Move', 26, 0),
(287, 'Pyzar', 26, 0),
(288, 'Rocky', 26, 0),
(289, 'Sirion', 26, 0),
(290, 'Storia', 26, 0),
(291, 'Terios', 26, 0),
(292, 'YRV', 26, 0),
(293, '2.8 - 5.3', 27, 0),
(294, 'Limousine', 27, 0),
(295, 'Aurora', 28, 0),
(296, 'Cowboy', 28, 0),
(297, 'Plutus', 28, 0),
(298, 'Shuttle', 28, 0),
(299, 'Avenger', 29, 1),
(300, 'Caliber', 29, 1),
(301, 'Caravan', 29, 2),
(302, 'Challenger', 29, 8),
(303, 'Charger', 29, 8),
(304, 'Dakota', 29, 2),
(305, 'Durango', 29, 1),
(306, 'Grand Caravan', 29, 2),
(307, 'Intrepid', 29, 1),
(308, 'Magnum', 29, 1),
(309, 'Neon', 29, 1),
(310, 'Nitro', 29, 6),
(311, 'RAM', 29, 2),
(312, 'Ramcharger', 29, 2),
(313, 'Shadow', 29, 6),
(314, 'Spirit', 29, 6),
(315, 'Stealth', 29, 1),
(316, 'Stratus', 29, 1),
(317, 'Viper', 29, 4),
(318, 'MPV', 30, 0),
(319, 'Assol', 31, 0),
(320, 'Kondor', 31, 0),
(321, 'Orion', 31, 0),
(322, 'D8', 32, 0),
(323, 'Talon', 33, 0),
(324, 'Vision', 33, 0),
(325, 'Admiral', 34, 0),
(326, 'Jinn', 34, 0),
(327, 'Vita', 34, 0),
(328, '360', 35, 6),
(329, '430', 35, 6),
(330, '599', 35, 6),
(331, '612 Scaglietti', 35, 6),
(332, 'California', 35, 6),
(333, 'Enzo', 35, 6),
(334, 'F355', 35, 6),
(335, 'Maranello', 35, 6),
(336, 'Mondial', 35, 6),
(337, 'Testarossa', 35, 6),
(338, '131', 36, 1),
(339, 'Albea', 36, 1),
(340, 'Barchetta', 36, 1),
(341, 'Brava', 36, 1),
(342, 'Bravo', 36, 1),
(343, 'Cinquecento', 36, 1),
(344, 'Coupe', 36, 6),
(345, 'Croma', 36, 4),
(346, 'Doblo', 36, 7),
(347, 'Fiorino', 36, 1),
(348, 'Marea', 36, 4),
(349, 'Multipla', 36, 4),
(350, 'New 500', 36, 1),
(351, 'Palio', 36, 6),
(352, 'Panda', 36, 4),
(353, 'Punto', 36, 4),
(354, 'Regata', 36, 1),
(355, 'Ritmo', 36, 1),
(356, 'Sedici', 36, 4),
(357, 'Seicento', 36, 1),
(358, 'Stilo', 36, 1),
(359, 'Tempra', 36, 4),
(360, 'Tipo', 36, 4),
(361, 'UNO', 36, 4),
(362, 'Ulysse', 36, 4),
(363, 'X 1/9', 36, 4),
(364, 'Aerostar', 37, 0),
(365, 'Bronco', 37, 0),
(366, 'C-MAX', 37, 0),
(367, 'Capri', 37, 0),
(368, 'Contour', 37, 0),
(369, 'Cougar', 37, 0),
(370, 'Crown Victoria', 37, 0),
(371, 'Econoline', 37, 0),
(372, 'Edge', 37, 0),
(373, 'Escape', 37, 0),
(374, 'Escort', 37, 0),
(375, 'Excursion', 37, 0),
(376, 'Expedition', 37, 0),
(377, 'Explorer', 37, 0),
(378, 'F-150', 37, 0),
(379, 'Fiesta', 37, 0),
(380, 'Fiesta ST', 37, 0),
(381, 'Five Hundred', 37, 0),
(382, 'Focus', 37, 0),
(383, 'Focus ST', 37, 0),
(384, 'Freestyle', 37, 0),
(385, 'Fusion', 37, 0),
(386, 'Fusion (USA)', 37, 0),
(387, 'GT', 37, 0),
(388, 'Galaxy', 37, 0),
(389, 'Granada', 37, 0),
(390, 'Granada (USA)', 37, 0),
(391, 'KA', 37, 0),
(392, 'Kuga', 37, 0),
(393, 'Maverick', 37, 0),
(394, 'Mondeo', 37, 0),
(395, 'Mustang', 37, 0),
(396, 'Orion', 37, 0),
(397, 'Probe', 37, 0),
(398, 'Puma', 37, 0),
(399, 'Ranger', 37, 0),
(400, 'S-MAX', 37, 0),
(401, 'Scorpio', 37, 0),
(402, 'Shelby', 37, 0),
(403, 'Sierra', 37, 0),
(404, 'Taunus', 37, 0),
(405, 'Taurus', 37, 0),
(406, 'Tempo', 37, 0),
(407, 'Thunderbird', 37, 0),
(408, 'Tourneo Connect', 37, 0),
(409, 'Windstar', 37, 0),
(410, 'MK', 38, 0),
(411, 'Otaka', 38, 0),
(412, 'Metro', 39, 0),
(413, 'Prizm', 39, 0),
(414, 'Storm', 39, 0),
(415, 'Tracker', 39, 0),
(416, 'Acadia', 40, 0),
(417, 'Envoy', 40, 0),
(418, 'Jimmy', 40, 0),
(419, 'Safari', 40, 0),
(420, 'Savana', 40, 0),
(421, 'Sierra', 40, 0),
(422, 'Sonoma', 40, 0),
(423, 'Yukon', 40, 0),
(424, 'suburban', 40, 0),
(425, 'Deer', 41, 0),
(426, 'Hover', 41, 0),
(427, 'SUV', 41, 0),
(428, 'Safe', 41, 0),
(429, 'Sailor', 41, 0),
(430, 'Socool', 41, 0),
(431, 'Wingle', 41, 0),
(432, 'Brio', 42, 0),
(433, 'Princip', 42, 0),
(434, 'Simbo', 42, 0),
(435, 'Accord', 43, 0),
(436, 'Airwave', 43, 0),
(437, 'Avancier', 43, 0),
(438, 'CR-V', 43, 0),
(439, 'CRX', 43, 0),
(440, 'Capa', 43, 0),
(441, 'City', 43, 0),
(442, 'Civic', 43, 0),
(443, 'Civic Shuttle', 43, 0),
(444, 'Concerto', 43, 0),
(445, 'Domani', 43, 0),
(446, 'Edix', 43, 0),
(447, 'Element', 43, 0),
(448, 'FIT', 43, 0),
(449, 'FR-V', 43, 0),
(450, 'Fit Aria', 43, 0),
(451, 'Hr-v', 43, 0),
(452, 'Insight', 43, 0),
(453, 'Inspire', 43, 0),
(454, 'Integra', 43, 0),
(455, 'Jazz', 43, 0),
(456, 'Legend', 43, 0),
(457, 'Life', 43, 0),
(458, 'Logo', 43, 0),
(459, 'Mobilio', 43, 0),
(460, 'NSX', 43, 0),
(461, 'Odyssey', 43, 0),
(462, 'Orthia', 43, 0),
(463, 'Partner', 43, 0),
(464, 'Passport', 43, 0),
(465, 'Pilot', 43, 0),
(466, 'Prelude', 43, 0),
(467, 'Rafaga', 43, 0),
(468, 'Ridgeline', 43, 0),
(469, 'S2000', 43, 0),
(470, 'Saber', 43, 0),
(471, 'Shuttle', 43, 0),
(472, 'Sm-x', 43, 0),
(473, 'Stepwgn', 43, 0),
(474, 'Stream', 43, 0),
(475, 'Torneo', 43, 0),
(476, 'Vamos', 43, 0),
(477, 'Vigor', 43, 0),
(478, 'Z', 43, 0),
(479, 'Antelope', 44, 0),
(480, 'Hummer', 45, 0),
(481, 'Hummer H1', 45, 0),
(482, 'Hummer H2', 45, 0),
(483, 'Hummer H3', 45, 0),
(484, 'Accent', 46, 0),
(485, 'Atos', 46, 0),
(486, 'Coupe', 46, 0),
(487, 'Elantra', 46, 0),
(488, 'Galloper', 46, 0),
(489, 'Getz', 46, 0),
(490, 'Grandeur', 46, 0),
(491, 'H-1 Starex', 46, 0),
(492, 'H100', 46, 0),
(493, 'Lavita', 46, 0),
(494, 'Marcia', 46, 0),
(495, 'Matrix', 46, 0),
(496, 'NF', 46, 0),
(497, 'Pony', 46, 0),
(498, 'S-Coupe', 46, 0),
(499, 'Santa FE', 46, 0),
(500, 'Santamo', 46, 0),
(501, 'Sonata', 46, 0),
(502, 'Terracan', 46, 0),
(503, 'Tiburon', 46, 0),
(504, 'Trajet', 46, 0),
(505, 'Tucson', 46, 0),
(506, 'Tuscani', 46, 0),
(507, 'Veracruz', 46, 0),
(508, 'Verna', 46, 0),
(509, 'XG', 46, 0),
(510, 'EX', 47, 0),
(511, 'FX 35', 47, 0),
(512, 'FX 45', 47, 0),
(513, 'FX 50', 47, 0),
(514, 'G35', 47, 0),
(515, 'G37', 47, 0),
(516, 'I30', 47, 0),
(517, 'I35', 47, 0),
(518, 'J30', 47, 0),
(519, 'M35', 47, 0),
(520, 'M45', 47, 0),
(521, 'Q45', 47, 0),
(522, 'QX4', 47, 0),
(523, 'QX56', 47, 0),
(524, 'Samand', 48, 0),
(525, 'Ascender', 49, 0),
(526, 'Aska', 49, 0),
(527, 'Axiom', 49, 0),
(528, 'Bighorn', 49, 0),
(529, 'Gemini', 49, 0),
(530, 'Impulse', 49, 0),
(531, 'Rodeo', 49, 0),
(532, 'Trooper', 49, 0),
(533, 'VehiCross', 49, 0),
(534, 'Wizard', 49, 0),
(535, 'Refine', 50, 0),
(536, 'Rein', 50, 0),
(537, 'E-type', 51, 0),
(538, 'S-type', 51, 0),
(539, 'X-type', 51, 0),
(540, 'XF', 51, 0),
(541, 'XJ', 51, 0),
(542, 'XJR', 51, 0),
(543, 'XJS Coupe', 51, 0),
(544, 'XJSc Convertible', 51, 0),
(545, 'XK 8', 51, 0),
(546, 'XKR', 51, 0),
(547, 'CJ5 - CJ8', 52, 0),
(548, 'Cherokee', 52, 0),
(549, 'Commander', 52, 0),
(550, 'Compass', 52, 0),
(551, 'Grand Cherokee', 52, 0),
(552, 'Liberty', 52, 0),
(553, 'Patriot', 52, 0),
(554, 'Wrangler', 52, 0),
(555, 'Avella', 53, 0),
(556, 'Besta', 53, 0),
(557, 'Borrego', 53, 0),
(558, 'Capital', 53, 0),
(559, 'Carens', 53, 0),
(560, 'Carnival', 53, 0),
(561, 'Cee&#039;d', 53, 0),
(562, 'Cerato', 53, 0),
(563, 'Clarus', 53, 0),
(564, 'Joice', 53, 0),
(565, 'Magentis', 53, 0),
(566, 'Opirus', 53, 0),
(567, 'Optima', 53, 0),
(568, 'Picanto', 53, 0),
(569, 'Potentia', 53, 0),
(570, 'Pregio', 53, 0),
(571, 'Pride', 53, 0),
(572, 'Retona', 53, 0),
(573, 'Rio', 53, 0),
(574, 'Sedona', 53, 0),
(575, 'Sephia', 53, 0),
(576, 'Shuma', 53, 0),
(577, 'Sorento', 53, 0),
(578, 'Spectra', 53, 0),
(579, 'Sportage', 53, 0),
(580, 'Visto', 53, 0),
(581, 'CC', 54, 0),
(582, 'Diablo', 55, 0),
(583, 'Espada', 55, 0),
(584, 'Gallardo', 55, 0),
(585, 'Murcielago', 55, 0),
(586, 'Beta', 56, 0),
(587, 'Dedra', 56, 0),
(588, 'Delta', 56, 0),
(589, 'Kappa', 56, 0),
(590, 'Lybra', 56, 0),
(591, 'Phedra', 56, 0),
(592, 'Thema', 56, 0),
(593, 'Thesis', 56, 0),
(594, 'Y', 56, 0),
(595, '90/110', 57, 0),
(596, 'Defender', 57, 0),
(597, 'Discovery', 57, 0),
(598, 'Freelander', 57, 0),
(599, 'Land Rover', 57, 0),
(600, 'Range Rover', 57, 0),
(601, 'Range Rover Sport', 57, 0),
(602, 'Double Gate', 58, 0),
(603, 'SUV', 58, 0),
(604, 'ES 300', 59, 0),
(605, 'ES 330', 59, 0),
(606, 'ES 350', 59, 0),
(607, 'GS 300', 59, 0),
(608, 'GS 350', 59, 0),
(609, 'GS 400', 59, 0),
(610, 'GS 430', 59, 0),
(611, 'GS 450h', 59, 0),
(612, 'GS 460', 59, 0),
(613, 'GX', 59, 0),
(614, 'IS 200', 59, 0),
(615, 'IS 250', 59, 0),
(616, 'IS 300', 59, 0),
(617, 'IS 350', 59, 0),
(618, 'IS-F', 59, 0),
(619, 'LS 400', 59, 0),
(620, 'LS 430', 59, 0),
(621, 'LS 460', 59, 0),
(622, 'LS 600', 59, 0),
(623, 'LX 450', 59, 0),
(624, 'LX 470', 59, 0),
(625, 'LX 570', 59, 0),
(626, 'RX 300', 59, 0),
(627, 'RX 330', 59, 0),
(628, 'RX 350', 59, 0),
(629, 'RX 400h', 59, 0),
(630, 'SC 300', 59, 0),
(631, 'SC 400', 59, 0),
(632, 'SC 430', 59, 0),
(633, 'Breez (520)', 60, 0),
(634, 'Aviator', 61, 0),
(635, 'Continental', 61, 0),
(636, 'LS', 61, 0),
(637, 'MKX', 61, 0),
(638, 'MKZ', 61, 0),
(639, 'name', 61, 0),
(640, 'name LT', 61, 0),
(641, 'Navigator', 61, 0),
(642, 'Town Car', 61, 0),
(643, 'Zephyr', 61, 0),
(644, 'Elise', 62, 0),
(645, 'Exige', 62, 0),
(646, 'Super 7', 62, 0),
(647, 'Marshal', 63, 0),
(648, 'Alto', 64, 0),
(649, '228', 65, 0),
(650, '3200 GT', 65, 0),
(651, '4300 GT Coupe', 65, 0),
(652, 'Biturbo', 65, 0),
(653, 'Coupe', 65, 0),
(654, 'GranSport', 65, 0),
(655, 'GranTurismo', 65, 0),
(656, 'Quattroporte', 65, 0),
(657, 'Spyder', 65, 0),
(658, 'Maybach 57 S и Maybach 62 S', 66, 0),
(659, 'Maybach 57 и Maybach 62', 66, 0),
(660, '121', 67, 0),
(661, '323', 67, 0),
(662, '626', 67, 0),
(663, '929', 67, 0),
(664, 'Atenza', 67, 0),
(665, 'Axela', 67, 0),
(666, 'Az-wagon', 67, 0),
(667, 'B-serie', 67, 0),
(668, 'BT-50', 67, 0),
(669, 'Bongo', 67, 0),
(670, 'CX-7', 67, 0),
(671, 'CX-9', 67, 0),
(672, 'Capella', 67, 0),
(673, 'Carol', 67, 0),
(674, 'Demio', 67, 0),
(675, 'E 2000,2200 Bus', 67, 0),
(676, 'Eunos 500', 67, 0),
(677, 'Eunos Cosmo', 67, 0),
(678, 'Familia', 67, 0),
(679, 'Lantis', 67, 0),
(680, 'Levante', 67, 0),
(681, 'Luce', 67, 0),
(682, 'MPV', 67, 0),
(683, 'Mazda 2', 67, 0),
(684, 'Mazda 3', 67, 0),
(685, 'Mazda 3 MPS', 67, 0),
(686, 'Mazda 5', 67, 0),
(687, 'Mazda 6', 67, 0),
(688, 'Mazda 6 MPS', 67, 0),
(689, 'Millenia', 67, 0),
(690, 'Mx-3', 67, 0),
(691, 'Mx-5', 67, 0),
(692, 'Mx-6', 67, 0),
(693, 'Premacy', 67, 0),
(694, 'Protege', 67, 0),
(695, 'RX 7', 67, 0),
(696, 'Roadster', 67, 0),
(697, 'Rx-8', 67, 0),
(698, 'Tribute', 67, 0),
(699, 'Verisa', 67, 0),
(700, 'Xedos 6', 67, 0),
(701, 'Xedos 9', 67, 0),
(702, ' Cabrio', 68, 0),
(703, ' Coupe', 68, 0),
(704, ' T-mod.', 68, 0),
(705, '/8', 68, 0),
(706, '190', 68, 0),
(707, '200', 68, 0),
(708, '220', 68, 0),
(709, '230', 68, 0),
(710, '240', 68, 0),
(711, '250', 68, 0),
(712, '260', 68, 0),
(713, '280', 68, 0),
(714, '300', 68, 0),
(715, '500', 68, 0),
(716, 'A-klasse A 140', 68, 0),
(717, 'A-klasse A 150', 68, 0),
(718, 'A-klasse A 160', 68, 0),
(719, 'A-klasse A 170', 68, 0),
(720, 'A-klasse A 180', 68, 0),
(721, 'A-klasse A 190', 68, 0),
(722, 'A-klasse A 200', 68, 0),
(723, 'A-klasse A 210', 68, 0),
(724, 'B-klasse B 170', 68, 0),
(725, 'B-klasse B 180', 68, 0),
(726, 'B-klasse B 200', 68, 0),
(727, 'C-klasse C 180', 68, 0),
(728, 'C-klasse C 200', 68, 0),
(729, 'C-klasse C 220', 68, 0),
(730, 'C-klasse C 230', 68, 0),
(731, 'C-klasse C 240', 68, 0),
(732, 'C-klasse C 250', 68, 0),
(733, 'C-klasse C 270', 68, 0),
(734, 'C-klasse C 280', 68, 0),
(735, 'C-klasse C 32 AMG', 68, 0),
(736, 'C-klasse C 320', 68, 0),
(737, 'C-klasse C 350', 68, 0),
(738, 'C-klasse C 36 AMG', 68, 0),
(739, 'C-klasse C 55 AMG', 68, 0),
(740, 'C-klasse C 63 AMG', 68, 0),
(741, 'CL-Klasse CL 420', 68, 0),
(742, 'CL-Klasse CL 500', 68, 0),
(743, 'CL-Klasse CL 55 AMG', 68, 0),
(744, 'CL-Klasse CL 600', 68, 0),
(745, 'CL-Klasse CL 63 AMG', 68, 0),
(746, 'CL-Klasse CL 65 AMG', 68, 0),
(747, 'CLC-klasse CLC 220 CDI', 68, 0),
(748, 'CLK-klasse CLK 200', 68, 0),
(749, 'CLK-klasse CLK 220', 68, 0),
(750, 'CLK-klasse CLK 230', 68, 0),
(751, 'CLK-klasse CLK 240', 68, 0),
(752, 'CLK-klasse CLK 270', 68, 0),
(753, 'CLK-klasse CLK 320', 68, 0),
(754, 'CLK-klasse CLK 350', 68, 0),
(755, 'CLK-klasse CLK 430', 68, 0),
(756, 'CLK-klasse CLK 500', 68, 0),
(757, 'CLK-klasse CLK 55 AMG', 68, 0),
(758, 'CLK-klasse CLK 63 AMG', 68, 0),
(759, 'CLS-klasse CLS 320', 68, 0),
(760, 'CLS-klasse CLS 350', 68, 0),
(761, 'CLS-klasse CLS 500', 68, 0),
(762, 'CLS-klasse CLS 55 AMG', 68, 0),
(763, 'CLS-klasse CLS 63 AMG', 68, 0),
(764, 'E-klasse E 200', 68, 0),
(765, 'E-klasse E 220', 68, 0),
(766, 'E-klasse E 230', 68, 0),
(767, 'E-klasse E 240', 68, 0),
(768, 'E-klasse E 250', 68, 0),
(769, 'E-klasse E 270', 68, 0),
(770, 'E-klasse E 280', 68, 0),
(771, 'E-klasse E 290', 68, 0),
(772, 'E-klasse E 300', 68, 0),
(773, 'E-klasse E 320', 68, 0),
(774, 'E-klasse E 350', 68, 0),
(775, 'E-klasse E 400', 68, 0),
(776, 'E-klasse E 420', 68, 0),
(777, 'E-klasse E 430', 68, 0),
(778, 'E-klasse E 50 AMG', 68, 0),
(779, 'E-klasse E 500', 68, 0),
(780, 'E-klasse E 55 AMG', 68, 0),
(781, 'E-klasse E 63 AMG', 68, 0),
(782, 'G-Klasse G 230', 68, 0),
(783, 'G-Klasse G 250', 68, 0),
(784, 'G-Klasse G 270', 68, 0),
(785, 'G-Klasse G 280', 68, 0),
(786, 'G-Klasse G 290', 68, 0),
(787, 'G-Klasse G 300', 68, 0),
(788, 'G-Klasse G 320', 68, 0),
(789, 'G-Klasse G 350', 68, 0),
(790, 'G-Klasse G 400', 68, 0),
(791, 'G-Klasse G 500', 68, 0),
(792, 'G-Klasse G 55 AMG', 68, 0),
(793, 'GL-klasse GL 320', 68, 0),
(794, 'GL-klasse GL 420', 68, 0),
(795, 'GL-klasse GL 450', 68, 0),
(796, 'GL-klasse GL 500', 68, 0),
(797, 'GL-klasse GL 550', 68, 0),
(798, 'M-klasse ML 230', 68, 0),
(799, 'M-klasse ML 270', 68, 0),
(800, 'M-klasse ML 280', 68, 0),
(801, 'M-klasse ML 320', 68, 0),
(802, 'M-klasse ML 350', 68, 0),
(803, 'M-klasse ML 400', 68, 0),
(804, 'M-klasse ML 430', 68, 0),
(805, 'M-klasse ML 500', 68, 0),
(806, 'M-klasse ML 55 AMG', 68, 0),
(807, 'M-klasse ML 63 AMG', 68, 0),
(808, 'Pullmann', 68, 0),
(809, 'R-klasse', 68, 0),
(810, 'R-klasse R 320', 68, 0),
(811, 'R-klasse R 350', 68, 0),
(812, 'R-klasse R 500', 68, 0),
(813, 'S-klasse S 260', 68, 0),
(814, 'S-klasse S 280', 68, 0),
(815, 'S-klasse S 300', 68, 0),
(816, 'S-klasse S 320', 68, 0),
(817, 'S-klasse S 350', 68, 0),
(818, 'S-klasse S 380', 68, 0),
(819, 'S-klasse S 400', 68, 0),
(820, 'S-klasse S 420', 68, 0),
(821, 'S-klasse S 430', 68, 0),
(822, 'S-klasse S 450', 68, 0),
(823, 'S-klasse S 500', 68, 0),
(824, 'S-klasse S 55 AMG', 68, 0),
(825, 'S-klasse S 550', 68, 0),
(826, 'S-klasse S 560', 68, 0),
(827, 'S-klasse S 600', 68, 0),
(828, 'S-klasse S 65 AMG', 68, 0),
(829, 'SL-klasse SL 280', 68, 0),
(830, 'SL-klasse SL 300', 68, 0),
(831, 'SL-klasse SL 320', 68, 0),
(832, 'SL-klasse SL 350', 68, 0),
(833, 'SL-klasse SL 380', 68, 0),
(834, 'SL-klasse SL 420', 68, 0),
(835, 'SL-klasse SL 450', 68, 0),
(836, 'SL-klasse SL 500', 68, 0),
(837, 'SL-klasse SL 55 AMG', 68, 0),
(838, 'SL-klasse SL 600', 68, 0),
(839, 'SL-klasse SL 63 AMG', 68, 0),
(840, 'SL-klasse SL 65 AMG', 68, 0),
(841, 'SLK-klasse SLK 200', 68, 0),
(842, 'SLK-klasse SLK 230', 68, 0),
(843, 'SLK-klasse SLK 280', 68, 0),
(844, 'SLK-klasse SLK 32 AMG', 68, 0),
(845, 'SLK-klasse SLK 320', 68, 0),
(846, 'SLK-klasse SLK 350', 68, 0),
(847, 'SLK-klasse SLK 55 AMG', 68, 0),
(848, 'SLR McLaren', 68, 0),
(849, 'V-klasse V 200', 68, 0),
(850, 'V-klasse V 220', 68, 0),
(851, 'V-klasse V 230', 68, 0),
(852, 'V-klasse V 280', 68, 0),
(853, 'Vaneo', 68, 0),
(854, 'Viano', 68, 0),
(855, 'Capri', 69, 0),
(856, 'Cougar', 69, 0),
(857, 'Grand Marquis', 69, 0),
(858, 'Mariner', 69, 0),
(859, 'Montego', 69, 0),
(860, 'Mountaineer', 69, 0),
(861, 'Mystique', 69, 0),
(862, 'Sable', 69, 0),
(863, 'Topaz', 69, 0),
(864, 'Tracer', 69, 0),
(865, 'Villager', 69, 0),
(866, 'Taxi  (II -series)', 70, 0),
(867, 'MGB', 71, 0),
(868, 'MGF', 71, 0),
(869, 'TF', 71, 0),
(870, 'ZR', 71, 0),
(871, 'ZT', 71, 0),
(872, 'MC1', 72, 0),
(873, 'Clubman', 73, 0),
(874, 'Cooper', 73, 0),
(875, 'One', 73, 0),
(876, '3000 GT', 74, 0),
(877, 'Airtrek', 74, 0),
(878, 'Aspire', 74, 0),
(879, 'Carisma', 74, 0),
(880, 'Challenger', 74, 0),
(881, 'Chariot', 74, 0),
(882, 'Colt', 74, 0),
(883, 'Debonair', 74, 0),
(884, 'Delica', 74, 0),
(885, 'Diamante', 74, 0),
(886, 'Dingo', 74, 0),
(887, 'Dion', 74, 0),
(888, 'EK Wagon', 74, 0),
(889, 'Eclipse', 74, 0),
(890, 'Emeraude', 74, 0),
(891, 'Endeavor', 74, 0),
(892, 'FTO', 74, 0),
(893, 'GTO', 74, 0),
(894, 'Galant', 74, 0),
(895, 'Grandis', 74, 0),
(896, 'L 200', 74, 0),
(897, 'Lancer', 74, 0),
(898, 'Lancer', 74, 0),
(899, 'Lancer Cedia', 74, 0),
(900, 'Lancer Evolution', 74, 0),
(901, 'Legnum', 74, 0),
(902, 'Libero', 74, 0),
(903, 'Minica', 74, 0),
(904, 'Mirage', 74, 0),
(905, 'Montero', 74, 0),
(906, 'Montero Sport', 74, 0),
(907, 'Outlander', 74, 0),
(908, 'Pajero', 74, 0),
(909, 'Pajero Sport', 74, 0),
(910, 'RVR', 74, 0),
(911, 'Sapporo', 74, 0),
(912, 'Sigma', 74, 0),
(913, 'Space Gear', 74, 0),
(914, 'Space Runner', 74, 0),
(915, 'Space Star', 74, 0),
(916, 'Space Wagon', 74, 0),
(917, 'Starion', 74, 0),
(918, 'Town BOX', 74, 0),
(919, 'i', 74, 0),
(920, 'Galue', 75, 0),
(921, 'Le-Sayde', 75, 0),
(922, 'Le-Seyde', 75, 0),
(923, 'Aero 8', 76, 0),
(924, '100 NX', 77, 0),
(925, '200 SX', 77, 0),
(926, '300 ZX', 77, 0),
(927, '350Z', 77, 0),
(928, 'AD', 77, 0),
(929, 'Almera', 77, 0),
(930, 'Almera Classic', 77, 0),
(931, 'Almera Tino', 77, 0),
(932, 'Altima', 77, 0),
(933, 'Armada', 77, 0),
(934, 'Avenir', 77, 0),
(935, 'Bassara', 77, 0),
(936, 'Bluebird', 77, 0),
(937, 'Cedric', 77, 0),
(938, 'Cefiro', 77, 0),
(939, 'Cherry', 77, 0),
(940, 'Cima', 77, 0),
(941, 'Cube', 77, 0),
(942, 'Datsun', 77, 0),
(943, 'Elgrand', 77, 0),
(944, 'Expert', 77, 0),
(945, 'Fairlady', 77, 0),
(946, 'Frontier', 77, 0),
(947, 'Fuga', 77, 0),
(948, 'GT-R', 77, 0),
(949, 'Gloria', 77, 0),
(950, 'King Cab', 77, 0),
(951, 'Lafesta', 77, 0),
(952, 'Largo', 77, 0),
(953, 'Laurel', 77, 0),
(954, 'Leopard', 77, 0),
(955, 'Liberty', 77, 0),
(956, 'Lucino', 77, 0),
(957, 'March', 77, 0),
(958, 'Maxima', 77, 0),
(959, 'Micra', 77, 0),
(960, 'Mistral', 77, 0),
(961, 'Moco', 77, 0),
(962, 'Murano', 77, 0),
(963, 'Navara', 77, 0),
(964, 'Note', 77, 0),
(965, 'Pathfinder', 77, 0),
(966, 'Patrol', 77, 0),
(967, 'Pick UP', 77, 0),
(968, 'Prairie', 77, 0),
(969, 'Presage', 77, 0),
(970, 'Presea', 77, 0),
(971, 'Primera', 77, 0),
(972, 'Pulsar', 77, 0),
(973, 'Qashqai', 77, 0),
(974, 'Quest', 77, 0),
(975, 'R Nessa', 77, 0),
(976, 'Rasheen', 77, 0),
(977, 'Rogue', 77, 0),
(978, 'Safari', 77, 0),
(979, 'Sentra', 77, 0),
(980, 'Serena', 77, 0),
(981, 'Silvia', 77, 0),
(982, 'Skyline', 77, 0),
(983, 'Stagea', 77, 0),
(984, 'Stanza', 77, 0),
(985, 'Sunny', 77, 0),
(986, 'Teana', 77, 0),
(987, 'Terrano', 77, 0),
(988, 'Tiida', 77, 0),
(989, 'Tino', 77, 0),
(990, 'Titan', 77, 0),
(991, 'Urvan', 77, 0),
(992, 'Vanette', 77, 0),
(993, 'Wingroad', 77, 0),
(994, 'X-Terra', 77, 0),
(995, 'X-Trail', 77, 0),
(996, 'Achieva', 78, 0),
(997, 'Alero', 78, 0),
(998, 'Aurora', 78, 0),
(999, 'Bravada', 78, 0),
(1000, 'Cutlass', 78, 0),
(1001, 'Silhouette', 78, 0),
(1002, 'Agila', 79, 0),
(1003, 'Antara', 79, 0),
(1004, 'Ascona', 79, 0),
(1005, 'Astra', 79, 0),
(1006, 'Astra OPC', 79, 0),
(1007, 'Calibra', 79, 0),
(1008, 'Campo', 79, 0),
(1009, 'Combo', 79, 0),
(1010, 'Commodore', 79, 0),
(1011, 'Corsa', 79, 0),
(1012, 'Corsa OPC', 79, 0),
(1013, 'Frontera', 79, 0),
(1014, 'GT', 79, 0),
(1015, 'Kadett', 79, 0),
(1016, 'Manta', 79, 0),
(1017, 'Meriva', 79, 0),
(1018, 'Monterey', 79, 0),
(1019, 'Movano', 79, 0),
(1020, 'Omega', 79, 0),
(1021, 'Rekord', 79, 0),
(1022, 'Senator', 79, 0),
(1023, 'Signum', 79, 0),
(1024, 'Sintra', 79, 0),
(1025, 'Speedster', 79, 0),
(1026, 'Tigra', 79, 0),
(1027, 'Vectra', 79, 0),
(1028, 'Vita', 79, 0),
(1029, 'Zafira', 79, 0),
(1030, 'Zonda C12', 80, 0),
(1031, '106', 81, 0),
(1032, '107', 81, 0),
(1033, '205', 81, 0),
(1034, '206', 81, 0),
(1035, '207', 81, 0),
(1036, '305', 81, 0),
(1037, '306', 81, 0),
(1038, '307', 81, 0),
(1039, '308', 81, 0),
(1040, '309', 81, 0),
(1041, '405', 81, 0),
(1042, '406', 81, 0),
(1043, '407', 81, 0),
(1044, '605', 81, 0),
(1045, '607', 81, 0),
(1046, '806', 81, 0),
(1047, '807', 81, 0),
(1048, '1007', 81, 0),
(1049, '4007', 81, 0),
(1050, 'Acclaim', 82, 0),
(1051, 'Breeze', 82, 0),
(1052, 'Grand Voyager', 82, 0),
(1053, 'Laser', 82, 0),
(1054, 'Neon', 82, 0),
(1055, 'Prowler', 82, 0),
(1056, 'Sundance', 82, 0),
(1057, 'Voyager', 82, 0),
(1058, '6000', 83, 0),
(1059, 'Aztec', 83, 0),
(1060, 'Bonneville', 83, 0),
(1061, 'Firebird', 83, 0),
(1062, 'GTO', 83, 0),
(1063, 'Grand AM', 83, 0),
(1064, 'Grand Prix', 83, 0),
(1065, 'Phoenix', 83, 0),
(1066, 'Solstige', 83, 0),
(1067, 'Sunbird', 83, 0),
(1068, 'Sunfire', 83, 0),
(1069, 'Trans Sport', 83, 0),
(1070, 'Vibe', 83, 0),
(1071, '911', 84, 0),
(1072, '924', 84, 0),
(1073, '928', 84, 0),
(1074, '944', 84, 0),
(1075, '968', 84, 0),
(1076, 'Boxster', 84, 0),
(1077, 'Carrera GT', 84, 0),
(1078, 'Cayenne', 84, 0),
(1079, 'Cayman', 84, 0),
(1080, 'Persona 300 Compact', 85, 0),
(1081, 'Persona 400', 85, 0),
(1082, 'G-namel', 86, 0),
(1083, 'Pinzgauer', 86, 0),
(1084, '5', 87, 0),
(1085, '9', 87, 0),
(1086, '11', 87, 0),
(1087, '18', 87, 0),
(1088, '19', 87, 0),
(1089, '20', 87, 0),
(1090, '21', 87, 0),
(1091, '25', 87, 0),
(1092, 'Avantime', 87, 0),
(1093, 'Clio', 87, 0),
(1094, 'Clio Symbol', 87, 0),
(1095, 'Espace', 87, 0),
(1096, 'Fuego', 87, 0),
(1097, 'Grand Scenic', 87, 0),
(1098, 'Kangoo Express', 87, 0),
(1099, 'Kangoo Passenger', 87, 0),
(1100, 'Laguna', 87, 0),
(1101, 'Logan', 87, 0),
(1102, 'Master', 87, 0),
(1103, 'Megane', 87, 0),
(1104, 'Modus', 87, 0),
(1105, 'Rapid', 87, 0),
(1106, 'Safrane', 87, 0),
(1107, 'Scenic', 87, 0),
(1108, 'Scenic RX', 87, 0),
(1109, 'Super 5', 87, 0),
(1110, 'Symbol', 87, 0),
(1111, 'Trafic', 87, 0),
(1112, 'Twingo', 87, 0),
(1113, 'Vel Satis', 87, 0),
(1114, 'Corniche Cabrio', 88, 0),
(1115, 'Phantom', 88, 0),
(1116, 'Phantom Drophead Coupe', 88, 0),
(1117, 'Silver Seraph', 88, 0),
(1118, 'Silver Spur', 88, 0),
(1119, '25', 89, 0),
(1120, '45', 89, 0),
(1121, '75', 89, 0),
(1122, '200', 89, 0),
(1123, '400', 89, 0),
(1124, '600', 89, 0),
(1125, '800', 89, 0),
(1126, 'Maestro', 89, 0),
(1127, 'Mini MK', 89, 0),
(1128, 'Montego', 89, 0),
(1129, '9-2X', 90, 0),
(1130, '9-3', 90, 0),
(1131, '9-5', 90, 0),
(1132, '9-7X', 90, 0),
(1133, '99', 90, 0),
(1134, '900', 90, 0),
(1135, '9000', 90, 0),
(1136, 'S7', 91, 0),
(1137, 'ION', 92, 0),
(1138, 'LS', 92, 0),
(1139, 'SC', 92, 0),
(1140, 'SL', 92, 0),
(1141, 'VUE', 92, 0),
(1142, 'tC', 93, 0),
(1143, 'xA', 93, 0),
(1144, 'xB', 93, 0),
(1145, 'Alhambra', 94, 0),
(1146, 'Altea', 94, 0),
(1147, 'Arosa', 94, 0),
(1148, 'Cordoba', 94, 0),
(1149, 'Ibiza', 94, 0),
(1150, 'Leon', 94, 0),
(1151, 'Malaga', 94, 0),
(1152, 'Ronda', 94, 0),
(1153, 'Toledo', 94, 0),
(1154, 'Sceo', 95, 0),
(1155, 'Fabia', 96, 0),
(1156, 'Favorit', 96, 0),
(1157, 'Felicia', 96, 0),
(1158, 'Octavia', 96, 0),
(1159, 'Octavia Scout', 96, 0),
(1160, 'Roomster', 96, 0),
(1161, 'Superb', 96, 0),
(1162, 'Crossblade', 97, 0),
(1163, 'Forfour', 97, 0),
(1164, 'Fortwo', 97, 0),
(1165, 'Roadster', 97, 0),
(1166, 'C8', 98, 0),
(1167, 'Actyon', 99, 0),
(1168, 'Chairman', 99, 0),
(1169, 'Family', 99, 0),
(1170, 'Istana', 99, 0),
(1171, 'Korando', 99, 0),
(1172, 'Kyron', 99, 0),
(1173, 'Musso', 99, 0),
(1174, 'Rexton', 99, 0),
(1175, 'Rodius', 99, 0),
(1176, 'Tager', 99, 0),
(1177, 'Baja', 100, 0),
(1178, 'Forester', 100, 0),
(1179, 'Impreza', 100, 0),
(1180, 'Impreza WRX', 100, 0),
(1181, 'Justy', 100, 0),
(1182, 'Legacy', 100, 0),
(1183, 'Leone', 100, 0),
(1184, 'Libero', 100, 0),
(1185, 'Outback', 100, 0),
(1186, 'Pleo', 100, 0),
(1187, 'R2', 100, 0),
(1188, 'SVX', 100, 0),
(1189, 'Stella', 100, 0),
(1190, 'Traviq', 100, 0),
(1191, 'Tribeca', 100, 0),
(1192, 'Vivio', 100, 0),
(1193, 'XT', 100, 0),
(1194, 'Aerio', 101, 0),
(1195, 'Alto', 101, 0),
(1196, 'Baleno', 101, 0),
(1197, 'Cultus Wagon', 101, 0),
(1198, 'Escudo', 101, 0),
(1199, 'Every', 101, 0),
(1200, 'Every Landy', 101, 0),
(1201, 'Forenza', 101, 0),
(1202, 'Grand Vitara', 101, 0),
(1203, 'Ignis', 101, 0),
(1204, 'Jimny', 101, 0),
(1205, 'Kei', 101, 0),
(1206, 'Liana', 101, 0),
(1207, 'MR Wagon', 101, 0),
(1208, 'SX4', 101, 0),
(1209, 'Samurai', 101, 0),
(1210, 'Sidekick', 101, 0),
(1211, 'Swift', 101, 0),
(1212, 'Verona', 101, 0),
(1213, 'Vitara', 101, 0),
(1214, 'Wagon R+', 101, 0),
(1215, 'X-90', 101, 0),
(1216, 'XL7', 101, 0),
(1217, 'T613', 102, 0),
(1218, 'Century', 103, 0),
(1219, 'Admiral', 104, 0),
(1220, '4runner', 105, 0),
(1221, 'Allex', 105, 0),
(1222, 'Allion', 105, 0),
(1223, 'Alphard', 105, 0),
(1224, 'Altezza', 105, 0),
(1225, 'Aristo', 105, 0),
(1226, 'Aurion', 105, 0),
(1227, 'Auris', 105, 0),
(1228, 'Avalon', 105, 0),
(1229, 'Avensis', 105, 0),
(1230, 'Avensis Verso', 105, 0),
(1231, 'BB', 105, 0),
(1232, 'Brevis', 105, 0),
(1233, 'Caldina', 105, 0),
(1234, 'Cami', 105, 0),
(1235, 'Camry', 105, 0),
(1236, 'Camry Solara', 105, 0),
(1237, 'Carib', 105, 0),
(1238, 'Carina', 105, 0),
(1239, 'Carina E', 105, 0),
(1240, 'Carina ED', 105, 0),
(1241, 'Cavalier', 105, 0),
(1242, 'Celica', 105, 0),
(1243, 'Chaser', 105, 0),
(1244, 'Corolla', 105, 0),
(1245, 'Corolla', 105, 0),
(1246, 'Corolla Ceres', 105, 0),
(1247, 'Corolla FX', 105, 0),
(1248, 'Corolla Fielder', 105, 0),
(1249, 'Corolla Levin', 105, 0),
(1250, 'Corolla Rumion', 105, 0),
(1251, 'Corolla RunX', 105, 0),
(1252, 'Corolla Spacio', 105, 0),
(1253, 'Corolla Verso', 105, 0),
(1254, 'Corona', 105, 0),
(1255, 'Corsa', 105, 0),
(1256, 'Cressida', 105, 0),
(1257, 'Cresta', 105, 0),
(1258, 'Crown', 105, 0),
(1259, 'Crown', 105, 0),
(1260, 'Crown Athlete', 105, 0),
(1261, 'Crown Majesta', 105, 0),
(1262, 'Curren', 105, 0),
(1263, 'Cynos', 105, 0),
(1264, 'Duet', 105, 0),
(1265, 'Echo', 105, 0),
(1266, 'Estima', 105, 0),
(1267, 'FJ Cruiser', 105, 0),
(1268, 'Fortuner', 105, 0),
(1269, 'Funcargo', 105, 0),
(1270, 'Gaia', 105, 0),
(1271, 'Grand Hiace', 105, 0),
(1272, 'Granvia', 105, 0),
(1273, 'Harrier', 105, 0),
(1274, 'Hiace', 105, 0),
(1275, 'Highlander', 105, 0),
(1276, 'Hilux Pick Up', 105, 0),
(1277, 'Hilux Surf', 105, 0),
(1278, 'ISis', 105, 0),
(1279, 'Ipsum', 105, 0),
(1280, 'Ist', 105, 0),
(1281, 'Kluger', 105, 0),
(1282, 'Land Cruiser', 105, 0),
(1283, 'Land Cruiser (120) Prado', 105, 0),
(1284, 'Land Cruiser (90) Prado', 105, 0),
(1285, 'Land Cruiser 100', 105, 0),
(1286, 'Land Cruiser 200', 105, 0),
(1287, 'Land Cruiser 70', 105, 0),
(1288, 'Land Cruiser 80', 105, 0),
(1289, 'Lite Ace', 105, 0),
(1290, 'MR 2', 105, 0),
(1291, 'MR-S', 105, 0),
(1292, 'name II', 105, 0),
(1293, 'name X', 105, 0),
(1294, 'MasterAce', 105, 0),
(1295, 'Matrix', 105, 0),
(1296, 'Nadia', 105, 0),
(1297, 'Noah', 105, 0),
(1298, 'Opa', 105, 0),
(1299, 'Origin', 105, 0),
(1300, 'Paseo', 105, 0),
(1301, 'Passo', 105, 0),
(1302, 'Picnic', 105, 0),
(1303, 'Platz', 105, 0),
(1304, 'Porte', 105, 0),
(1305, 'Premio', 105, 0),
(1306, 'Previa', 105, 0),
(1307, 'Prius', 105, 0),
(1308, 'Probox', 105, 0),
(1309, 'Progres', 105, 0),
(1310, 'Pronard', 105, 0),
(1311, 'RAV 4', 105, 0),
(1312, 'Ractis', 105, 0),
(1313, 'Raum', 105, 0),
(1314, 'Regius', 105, 0),
(1315, 'Regius', 105, 0),
(1316, 'Regius Ace', 105, 0),
(1317, 'Scepter', 105, 0),
(1318, 'Sequoia', 105, 0),
(1319, 'Sera', 105, 0),
(1320, 'Sienna', 105, 0),
(1321, 'Sienta', 105, 0),
(1322, 'Soarer', 105, 0),
(1323, 'Solara', 105, 0),
(1324, 'Sparky', 105, 0),
(1325, 'Sprinter', 105, 0),
(1326, 'Starlet', 105, 0),
(1327, 'Succeed', 105, 0),
(1328, 'Supra', 105, 0),
(1329, 'Tacoma', 105, 0),
(1330, 'Tercel', 105, 0),
(1331, 'Tundra', 105, 0),
(1332, 'Vellfire', 105, 0),
(1333, 'Venza', 105, 0),
(1334, 'Verossa', 105, 0),
(1335, 'Vista', 105, 0),
(1336, 'Vitz', 105, 0),
(1337, 'Voltz', 105, 0),
(1338, 'Voxy', 105, 0),
(1339, 'Will', 105, 0),
(1340, 'Windom', 105, 0),
(1341, 'Wish', 105, 0),
(1342, 'Yaris', 105, 0),
(1343, 'Yaris Verso', 105, 0),
(1344, 'P 601', 106, 0),
(1345, 'Griffith', 107, 0),
(1346, 'W8 Twin Turbo', 108, 0),
(1347, 'Bora', 109, 0),
(1348, 'Caddy', 109, 0),
(1349, 'Corrado', 109, 0),
(1350, 'Eos', 109, 0),
(1351, 'Fox', 109, 0),
(1352, 'Golf', 109, 0),
(1353, 'Golf Plus', 109, 0),
(1354, 'Jetta', 109, 0),
(1355, 'Kaefer', 109, 0),
(1356, 'Lupo', 109, 0),
(1357, 'Multivan', 109, 0),
(1358, 'NEW Beetle', 109, 0),
(1359, 'Passat', 109, 0),
(1360, 'Phaeton', 109, 0),
(1361, 'Pointer', 109, 0),
(1362, 'Polo', 109, 0),
(1363, 'Santana', 109, 0),
(1364, 'Scirocco', 109, 0),
(1365, 'Sharan', 109, 0),
(1366, 'Taro', 109, 0),
(1367, 'Tiguan', 109, 0),
(1368, 'Touareg', 109, 0),
(1369, 'Touran', 109, 0),
(1370, 'Vento', 109, 0),
(1371, '164', 110, 0),
(1372, '240', 110, 0),
(1373, '340-360', 110, 0),
(1374, '440 K', 110, 0),
(1375, '460 L', 110, 0),
(1376, '480 E', 110, 0),
(1377, '740', 110, 0),
(1378, '760', 110, 0),
(1379, '780 Bertone', 110, 0),
(1380, '850', 110, 0),
(1381, '940', 110, 0),
(1382, '960', 110, 0),
(1383, 'C30', 110, 0),
(1384, 'C70', 110, 0),
(1385, 'S40', 110, 0),
(1386, 'S60', 110, 0),
(1387, 'S70', 110, 0),
(1388, 'S80', 110, 0),
(1389, 'S90', 110, 0),
(1390, 'V40 Kombi', 110, 0),
(1391, 'V50', 110, 0),
(1392, 'V70', 110, 0),
(1393, 'XC70', 110, 0),
(1394, 'XC90', 110, 0),
(1395, '353', 111, 0),
(1396, 'GT', 112, 0),
(1397, 'Roadster', 112, 0),
(1398, 'PICKUP X3', 113, 0),
(1399, 'SR-V X3', 113, 0),
(1400, 'SUV X3', 113, 0),
(1401, 'GrandTiger', 114, 0),
(1402, 'Landname', 114, 0),
(1403, '1111 Ока 1111', 115, 0),
(1404, '1111 Ока 11113', 115, 0),
(1405, '2101', 115, 0),
(1406, '2102', 115, 0),
(1407, '2103', 115, 0),
(1408, '2104', 115, 0),
(1409, '2105', 115, 0),
(1410, '2106', 115, 0),
(1411, '2107', 115, 0),
(1412, '2108', 115, 0),
(1413, '2109', 115, 0),
(1414, '2110', 115, 0),
(1415, '2111', 115, 0),
(1416, '2112', 115, 0),
(1417, '2113', 115, 0),
(1418, '2114', 115, 0),
(1419, '2115', 115, 0),
(1420, '2123', 115, 0),
(1421, '2129', 115, 0),
(1422, '2131', 115, 0),
(1423, '2329', 115, 0),
(1424, '21043', 115, 0),
(1425, '21047', 115, 0),
(1426, '21053', 115, 0),
(1427, '21054', 115, 0),
(1428, '21055', 115, 0),
(1429, '21061', 115, 0),
(1430, '21063', 115, 0),
(1431, '21065', 115, 0),
(1432, '21071', 115, 0),
(1433, '21072', 115, 0),
(1434, '21073', 115, 0),
(1435, '21074', 115, 0),
(1436, '21079', 115, 0),
(1437, '21081', 115, 0),
(1438, '21083', 115, 0),
(1439, '21086', 115, 0),
(1440, '2108i', 115, 0),
(1441, '21093', 115, 0),
(1442, '21099', 115, 0),
(1443, '21099i', 115, 0),
(1444, '2109i', 115, 0),
(1445, '21101', 115, 0),
(1446, '21102', 115, 0),
(1447, '21103', 115, 0),
(1448, '21104', 115, 0),
(1449, '21108', 115, 0),
(1450, '21111', 115, 0),
(1451, '21112', 115, 0),
(1452, '21113', 115, 0),
(1453, '21121', 115, 0),
(1454, '21122', 115, 0),
(1455, '21123', 115, 0),
(1456, '21124', 115, 0),
(1457, '2115 Wankel', 115, 0),
(1458, '2115i', 115, 0),
(1459, '2120 Надежда', 115, 0),
(1460, '2121 4x4 2121', 115, 0),
(1461, '2121 4x4 21213', 115, 0),
(1462, '2121 4x4 21214', 115, 0),
(1463, '2121 4x4 21217', 115, 0),
(1464, '2121 4x4 21218', 115, 0),
(1465, 'Kalina Hatchback', 115, 0),
(1466, 'Kalina Sedan', 115, 0),
(1467, 'Kalina Wagon', 115, 0),
(1468, 'Priora', 115, 0),
(1469, 'Автокам', 116, 0),
(1470, '13', 117, 0),
(1471, '14', 117, 0),
(1472, '20', 117, 0),
(1473, '21', 117, 0),
(1474, '22', 117, 0),
(1475, '24', 117, 0),
(1476, '69', 117, 0),
(1477, '3102', 117, 0),
(1478, '3105', 117, 0),
(1479, '3110', 117, 0),
(1480, '3111', 117, 0),
(1481, '31022', 117, 0),
(1482, '31026', 117, 0),
(1483, '31029', 117, 0),
(1484, '3102i', 117, 0),
(1485, '31105', 117, 0),
(1486, '310221', 117, 0),
(1487, '311055', 117, 0),
(1488, '3110i', 117, 0),
(1489, 'М1', 117, 0),
(1490, '965', 118, 0),
(1491, '968', 118, 0),
(1492, '1102', 118, 0),
(1493, '1103', 118, 0),
(1494, '1105', 118, 0),
(1495, '1140', 118, 0),
(1496, 'Sens', 118, 0),
(1497, '114', 119, 0),
(1498, '117', 119, 0),
(1499, '4104', 119, 0),
(1500, '412', 120, 0),
(1501, '2125', 120, 0),
(1502, '2126', 120, 0),
(1503, '2715', 120, 0),
(1504, '2717', 120, 0),
(1505, '21261', 120, 0),
(1506, '27171', 120, 0),
(1507, 'Ока', 121, 0),
(1508, '967', 122, 0),
(1509, '968', 122, 0),
(1510, '969', 122, 0),
(1511, '400', 123, 0),
(1512, '401', 123, 0),
(1513, '402', 123, 0),
(1514, '403', 123, 0),
(1515, '406', 123, 0),
(1516, '407', 123, 0),
(1517, '408', 123, 0),
(1518, '412', 123, 0),
(1519, '2125', 123, 0),
(1520, '2140', 123, 0),
(1521, '2141', 123, 0),
(1522, '2335', 123, 0),
(1523, '423 Kombi', 123, 0),
(1524, '5846', 123, 0),
(1525, 'Aslk 2137 Kombi', 123, 0),
(1526, 'Aslk 2138', 123, 0),
(1527, 'Aslk 2140', 123, 0),
(1528, 'Князь Владимир', 123, 0),
(1529, 'Святогор', 123, 0),
(1530, 'Юрий Долгорукий', 123, 0),
(1531, '1111', 124, 0),
(1532, 'Мотоколяска', 125, 0),
(1533, 'Tager', 126, 0),
(1534, '469', 127, 0),
(1535, '2206', 127, 0),
(1536, '3151', 127, 0),
(1537, '3153', 127, 0),
(1538, '3159', 127, 0),
(1539, '3160', 127, 0),
(1540, '3162', 127, 0),
(1541, '3163', 127, 0),
(1542, '31512', 127, 0),
(1543, '31514', 127, 0),
(1544, '31519', 127, 0),
(1545, '315195', 127, 0);

-- --------------------------------------------------------

--
-- Структура таблицы `multimedia`
--

CREATE TABLE IF NOT EXISTS `multimedia` (
  `id` int(11) NOT NULL AUTO_INCREMENT,
  `attr` varchar(255) NOT NULL,
  PRIMARY KEY (`id`)
) ENGINE=InnoDB  DEFAULT CHARSET=utf8 AUTO_INCREMENT=8 ;

--
-- Дамп данных таблицы `multimedia`
--

INSERT INTO `multimedia` (`id`, `attr`) VALUES
(1, 'CD '),
(2, 'DVD '),
(3, 'MP3 '),
(4, 'Акустика '),
(5, 'Магнитола '),
(6, 'Сабвуфер'),
(7, 'Система навигации GPS ');

-- --------------------------------------------------------

--
-- Структура таблицы `other`
--

CREATE TABLE IF NOT EXISTS `other` (
  `id` int(11) NOT NULL AUTO_INCREMENT,
  `attr` varchar(255) NOT NULL,
  PRIMARY KEY (`id`)
) ENGINE=InnoDB  DEFAULT CHARSET=utf8 AUTO_INCREMENT=9 ;

--
-- Дамп данных таблицы `other`
--

INSERT INTO `other` (`id`, `attr`) VALUES
(1, 'Газовая установка (ГБО) '),
(2, 'Дерево '),
(3, 'Длинная база'),
(4, 'Кузов MAXI'),
(5, 'Правый руль '),
(6, 'Тонирование стекол '),
(7, 'Тюнинг '),
(8, 'Фаркоп');

-- --------------------------------------------------------

--
-- Структура таблицы `photos`
--

CREATE TABLE IF NOT EXISTS `photos` (
  `id` int(11) NOT NULL AUTO_INCREMENT,
  `auto_id` int(11) NOT NULL,
  `image` varchar(255) NOT NULL,
  `is_main` tinyint(1) NOT NULL,
  `video_url` varchar(255) DEFAULT NULL,
  PRIMARY KEY (`id`)
) ENGINE=InnoDB  DEFAULT CHARSET=utf8 AUTO_INCREMENT=20 ;

--
-- Дамп данных таблицы `photos`
--

INSERT INTO `photos` (`id`, `auto_id`, `image`, `is_main`, `video_url`) VALUES
(1, 8, 'WGRS9Q.jpg', 1, 'gdfgdfgdfgdfg'),
(2, 8, 'IlxDV1.jpg', 0, NULL),
(3, 9, 'iApGZQ.jpg', 1, NULL),
(4, 9, 'ctTixL.jpg', 0, 'dfgdfgdfgdfg'),
(5, 9, 'fdgASD3.jpg', 0, NULL),
(6, 21, 'hoWhXg.jpg', 1, NULL),
(8, 21, 'AtLk9e.jpg', 0, NULL),
(9, 22, 'lvLU1q.jpg', 1, NULL),
(10, 24, 'I46GWs.jpg', 1, NULL),
(11, 24, 'A4zu6C.jpg', 0, NULL),
(12, 24, 'z2bCv8.jpg', 0, NULL),
(13, 24, 'GmwoDS.jpg', 0, NULL),
(17, 25, 'xsHjBd.jpg', 0, NULL),
(18, 25, 'gj4Al7.jpg', 0, NULL),
(19, 25, 'PfVzs4.jpg', 1, NULL);

-- --------------------------------------------------------

--
-- Структура таблицы `prices`
--

CREATE TABLE IF NOT EXISTS `prices` (
  `id` int(11) NOT NULL AUTO_INCREMENT,
  `name` varchar(255) NOT NULL,
  `value` decimal(6,2) NOT NULL,
  PRIMARY KEY (`id`)
) ENGINE=InnoDB  DEFAULT CHARSET=utf8 AUTO_INCREMENT=2 ;

--
-- Дамп данных таблицы `prices`
--

INSERT INTO `prices` (`id`, `name`, `value`) VALUES
(1, 'simple', '8.00');

-- --------------------------------------------------------

--
-- Структура таблицы `region`
--

CREATE TABLE IF NOT EXISTS `region` (
  `id` int(11) NOT NULL AUTO_INCREMENT,
  `name` varchar(50) DEFAULT NULL,
  PRIMARY KEY (`id`)
) ENGINE=InnoDB  DEFAULT CHARSET=utf8 AUTO_INCREMENT=26 ;

--
-- Дамп данных таблицы `region`
--

INSERT INTO `region` (`id`, `name`) VALUES
(1, 'Винницкая'),
(2, 'Житомирская'),
(3, 'Тернопольская'),
(4, 'Хмельницкая'),
(5, 'Львовская'),
(6, 'Черниговская'),
(7, 'Харьковская'),
(8, 'Сумская'),
(9, 'Ровенская'),
(10, 'Киевская'),
(11, 'Днепропетровская'),
(12, 'Одесская'),
(13, 'Донецкая'),
(14, 'Запорожская'),
(15, 'Ивано-Франковская'),
(16, 'Кировоградская'),
(17, 'Луганская'),
(18, 'Волынская'),
(19, 'Николаевская'),
(20, 'Полтавская'),
(21, 'Республика Крым'),
(22, 'Закарпатская'),
(23, 'Херсонская'),
(24, 'Черкасская'),
(25, 'Черновицкая');

-- --------------------------------------------------------

--
-- Структура таблицы `safety`
--

CREATE TABLE IF NOT EXISTS `safety` (
  `id` int(11) NOT NULL AUTO_INCREMENT,
  `attr` varchar(255) NOT NULL,
  PRIMARY KEY (`id`)
) ENGINE=InnoDB  DEFAULT CHARSET=utf8 AUTO_INCREMENT=12 ;

--
-- Дамп данных таблицы `safety`
--

INSERT INTO `safety` (`id`, `attr`) VALUES
(1, 'ABD '),
(2, 'ABS '),
(3, 'ESP'),
(4, 'Галогенные фары'),
(5, 'Замок на КПП '),
(6, 'Иммобилайзер '),
(7, 'Пневмоподвеска '),
(8, 'Подушка безопасности (Airbag) '),
(9, 'Серворуль '),
(10, 'Сигнализация '),
(11, 'Центральный замок ');

-- --------------------------------------------------------

--
-- Структура таблицы `schema_version`
--

CREATE TABLE IF NOT EXISTS `schema_version` (
  `version` bigint(20) NOT NULL,
  PRIMARY KEY (`version`)
) ENGINE=InnoDB DEFAULT CHARSET=utf8;

--
-- Дамп данных таблицы `schema_version`
--

INSERT INTO `schema_version` (`version`) VALUES
(0);

-- --------------------------------------------------------

--
-- Структура таблицы `state`
--

CREATE TABLE IF NOT EXISTS `state` (
  `id` int(11) NOT NULL AUTO_INCREMENT,
  `attr` varchar(255) NOT NULL,
  PRIMARY KEY (`id`)
) ENGINE=InnoDB  DEFAULT CHARSET=utf8 AUTO_INCREMENT=12 ;

--
-- Дамп данных таблицы `state`
--

INSERT INTO `state` (`id`, `attr`) VALUES
(1, 'Гаражное хранение '),
(2, 'Не бит '),
(3, 'Не крашен '),
(4, 'Ручное управление '),
(5, 'Сервисная книжка '),
(6, 'Нерастаможенный '),
(7, 'После ДТП '),
(8, 'Не на ходу'),
(9, 'Взято в кредит '),
(10, 'Автоконфискат'),
(11, 'Пригнан из');

-- --------------------------------------------------------

--
-- Структура таблицы `sub_category`
--

CREATE TABLE IF NOT EXISTS `sub_category` (
  `id` int(11) NOT NULL AUTO_INCREMENT,
  `parent_id` int(11) NOT NULL,
  `name` varchar(255) NOT NULL,
  `img` varchar(255) NOT NULL,
  PRIMARY KEY (`id`)
) ENGINE=InnoDB  DEFAULT CHARSET=utf8 AUTO_INCREMENT=191 ;

--
-- Дамп данных таблицы `sub_category`
--

INSERT INTO `sub_category` (`id`, `parent_id`, `name`, `img`) VALUES
(1, 1, 'Седан', 'kupe/sedan.gif'),
(2, 1, 'Внедорожник / Кроссовер', 'kupe/suv.gif'),
(3, 1, 'Минивэн', 'kupe/van.gif'),
(4, 1, 'Хэтчбек', 'kupe/hatchback.gif'),
(5, 1, 'Универсал', 'kupe/wagon.gif'),
(6, 1, 'Купе', 'kupe/coupe.gif'),
(7, 1, 'Легковой фургон (до 1,5 т)', 'truck/light_furgon.gif'),
(8, 1, 'Кабриолет', 'kupe/cabriolet.gif'),
(9, 1, 'Пикап', 'kupe/truck.gif'),
(10, 1, 'Лимузин', 'kupe/limousine.jpg'),
(11, 1, 'Другой', 'other.png'),
(12, 2, 'Мопеды', 'moto/motorbike.jpg'),
(13, 2, 'Скутер / Мотороллер', 'moto/scooter.gif'),
(14, 2, 'Макси-скутер', 'moto/maxi_scooter.gif'),
(15, 2, 'Мотоциклы', 'moto/moto.jpg'),
(16, 2, 'Мотоцикл Без обтекателей (Naked bike)', 'moto/naked_bike.gif'),
(17, 2, 'Мотоцикл Внедорожный (Enduro)', 'moto/enduro.gif'),
(18, 2, 'Мотоцикл Кастом', 'moto/castom_bike.gif'),
(19, 2, 'Мотоцикл Классик', 'moto/clasic_bike.gif'),
(20, 2, 'Мотоцикл Кросс', 'moto/cross_bike.gif'),
(21, 2, 'Мотоцикл Круизер', 'moto/cruiser_bike.gif'),
(22, 2, 'Мотоцикл Многоцелевой (All-round)', 'moto/all_round_bike.gif'),
(23, 2, 'Мотоцикл с коляской', 'moto/s_kolaskoy_bike.gif'),
(24, 2, 'Спортбайк', 'moto/sport_bike.gif'),
(25, 2, 'Мотоцикл Спорт-туризм', 'moto/sport_tur_bike.gif'),
(26, 2, 'Мотоцикл Супермото (Motard)', 'moto/super_moto_bike.gif'),
(27, 2, 'Мотоцикл Триал', 'moto/trial_bike.gif'),
(28, 2, 'Мотоцикл Туризм', 'moto/tur_bike.gif'),
(29, 2, 'Мотоцикл Чоппер', 'moto/chopper.gif'),
(30, 2, 'Мини мотоциклы', 'moto/mini-moto.jpg'),
(31, 2, 'Мини спорт', 'moto/mini_bike_sport.gif'),
(32, 2, 'Мини крос (Питбайк)', 'moto/mini_bike_cross.gif'),
(33, 2, 'Трицикл', 'moto/thricicle.gif'),
(34, 2, 'Трайк', 'moto/traike.gif'),
(35, 2, 'Квадроциклы', 'moto/atvs.jpg'),
(36, 2, 'Квадроцикл детский', 'moto/atv_child.gif'),
(37, 2, 'Квадроцикл утилитарный', 'moto/atv_utility.gif'),
(38, 2, 'Мотовездеход', 'moto/motovezdehod.gif'),
(39, 2, 'Вездеход-амфибия', 'moto/amfobia.gif'),
(40, 2, 'Гольф-кар', 'moto/golf_car.gif'),
(41, 2, 'Картинг', 'moto/kart.gif'),
(42, 2, 'Снегоход', 'moto/snow_tur.gif'),
(43, 2, 'Другое', 'other.png'),
(44, 3, 'Лодка', 'water/lodki.gif'),
(45, 3, 'Катер', 'water/kater.gif'),
(46, 3, 'Моторная яхта', 'water/engine_yahts.gif'),
(47, 3, 'Парусная яхта', 'water/parus_yahts.gif'),
(48, 3, 'Земcнаряд', ''),
(49, 3, 'Гидроциклы', 'water/personal-watercraft.jpg'),
(50, 3, 'Гидроцикл спортивный', 'moto/aqa_bike_sport.gif'),
(51, 3, 'Гидроцикл туристический', 'moto/aqa_bike_ture.gif'),
(52, 3, 'Лодочный мотор', 'moto/bot_motor.gif'),
(53, 3, 'Другое', 'other.png'),
(54, 4, 'Сельхозтехника', ''),
(55, 4, 'Мотоблок / Мотокультиватор', 'special/tiller.jpg'),
(56, 4, 'Трактор', 'special/vheels_traktor.gif'),
(57, 4, 'Комбайн', 'special/kombine_zernovuy.gif'),
(58, 4, 'Минитрактор', 'special/minitractor.jpg'),
(59, 4, 'Сеялка', 'special/seeder.jpg'),
(60, 4, 'Плуг', 'special/plow.jpg'),
(61, 4, 'Опрыскиватель', 'special/sprayer.jpg'),
(62, 4, 'Почвообрабатывающая техника', 'special/tillage.jpg'),
(63, 4, 'Кормоуборочная техника', 'special/harvesting.jpg'),
(64, 4, 'Садовая техника', 'special/garden.jpg'),
(65, 4, 'Строительная техника', 'special/construction.jpg'),
(66, 4, 'Кран / Автокран', 'special/auto_kran.gif'),
(67, 4, 'Башенный кран', 'pecial/towercrane.jpg'),
(68, 4, 'Экскаватор', 'special/excavator.jpg'),
(69, 4, 'Миниэкскаватор', 'special/miniexcavator.jpg'),
(70, 4, 'Автогрейдер', 'special/autogreider.gif'),
(71, 4, 'Аварийно-ремонтные машины', 'special/repairtrucks.jpg'),
(72, 4, 'Кран-манипулятор', ''),
(73, 4, 'Гудронатор', 'special/sprayercars.jpg'),
(74, 4, 'Асфальтозавод', 'special/asphalt.jpg'),
(75, 4, 'Асфальтоукладчик', 'special/asfaltoukladchik.gif'),
(80, 4, 'Бетономешалка (Миксер)', 'special/mixer.gif'),
(81, 4, 'Бетононасос', 'special/auto_betononasos.gif'),
(82, 4, 'Бетоноукладчик', 'special/concreteplacer.jpg'),
(83, 4, 'Бульдозер', 'special/buldoser.gif'),
(84, 4, 'Буровая установка', 'special/burilnaya_ustanovka.gif'),
(85, 4, 'Сваебой / Дизельный молот', 'special/svaeboi.gif'),
(86, 4, 'Каток', 'special/katok.gif'),
(87, 4, 'Компрессор', 'special/kompressor.gif'),
(88, 4, 'Мотопомпа / Насос', 'special/motorpump.jpg'),
(89, 4, 'Ресайклер', 'special/recycler.jpg'),
(90, 4, 'Фреза дорожная', 'special/planers.jpg'),
(91, 4, 'Электростанция / Генератор', 'special/generator.jpg'),
(92, 4, 'Скрепер', 'special/skrepper.gif'),
(93, 4, 'Другая строительная техника', 'other.png'),
(94, 4, 'Погрузчики', 'special/forklifts.jpg'),
(95, 4, 'Вилочный погрузчик / Штабелер', 'special/vilochny_pogruzchik.gif'),
(96, 4, 'Фронтальный погрузчик', 'special/frontalny_pogruzchik.gif'),
(97, 4, 'Экскаватор погрузчик', 'special/exkavator_pogruzchik.gif'),
(98, 4, 'Минипогрузчик', 'special/minipogruzchik.gif'),
(99, 4, 'Телескопический погрузчик', 'special/telehandler.jpg'),
(100, 4, 'Контейнерный погрузчик', 'special/container_handler.jpg'),
(101, 4, 'Подьемник', 'special/lifts.jpg'),
(102, 4, 'Коммунальная техника', 'special/municipalcars.jpg'),
(103, 4, 'Машина аварийно-ремонтная "МАВР"', 'special/emergency.jpg'),
(104, 4, 'Уборочно-поливочные автомобили', 'special/cleaner_auto.gif'),
(105, 4, 'Автовышка комунальная', 'special/auto_vishka.gif'),
(106, 4, 'Ассенизатор / Вакуумная машина', 'special/vakuumn_auto.gif'),
(107, 4, 'Илососная машина', 'special/vacuum_truck.jpg'),
(108, 4, 'Мусоровоз', 'special/garbage.jpg'),
(109, 4, 'Эвакуатор', ''),
(110, 4, 'Каналопромывочная машина', 'special/sewer_machine.jpg'),
(111, 4, 'Пескоразбрасывающая машина', 'special/sand_machine.jpg'),
(112, 4, 'Уборочная машина', 'special/harvester.jpg'),
(113, 4, 'Снегоуборочная машина', 'special/snowblower.jpg'),
(114, 4, 'Спецтранспорт', 'special/specialcars.jpg'),
(115, 4, 'Вездеход', 'special/vezdehod.gif'),
(116, 4, 'Харвестер / форвардер', 'special/forwarder.jpg'),
(117, 4, 'Багги / Гоночный автомобиль', 'special/baggi.gif'),
(118, 4, 'Специальный автобус', 'special/specbus.jpg'),
(119, 4, 'Автомобиль скорой помощи', 'special/ambulance.jpg'),
(120, 4, 'Бронированный автомобиль', 'special/brony_mobile.gif'),
(121, 4, 'Пожарная машина', 'special/fire_auto.gif'),
(122, 4, 'Другая спецтехника', 'other.png'),
(123, 5, 'Прицеп', 'pricep/trailer.jpg'),
(124, 5, 'Платформа', 'pricep/pricep/Platform.gif'),
(125, 5, 'Шасси', 'pricep/pricep/Shassi.gif'),
(126, 5, 'Самосвал прицеп', 'pricep/pricep/Samosval.gif'),
(127, 5, 'Борт', 'pricep/pricep/Bort.gif'),
(128, 5, 'Цистерна', 'pricep/pricep/Cisterna.gif'),
(129, 5, 'Фургон', 'pricep/pricep/Furgon.gif'),
(130, 5, 'Рефрижератор', 'pricep/pricep/Refregerator.gif'),
(131, 5, 'Контейнеровоз', 'pricep/pricep/Konteiner.gif'),
(132, 5, 'Тентованный борт (штора)', 'pricep/pricep/Tent.gif'),
(133, 5, 'Лесовоз / Сортиментовоз', 'pricep/pricep/Lesovoz.gif'),
(134, 5, 'Для перевозки животных', 'pricep/pricep/Enimal.gif'),
(135, 5, 'Изотермическая будка', ''),
(136, 5, 'Полуприцеп', 'pricep/semitrailer.jpg'),
(137, 5, 'Платформа полуприцеп', 'pricep/polypricep/Platform.gif'),
(138, 5, 'Низкорамная платформа', 'pricep/polypricep/LowPlatform.gif'),
(139, 5, 'Бетономешалка (Миксер) полуприцеп', 'pricep/polypricep/Beton.gif'),
(140, 5, 'Шасси полуприцеп', 'pricep/polypricep/shassi.gif'),
(141, 5, 'Самосвал полуприцеп', 'pricep/polypricep/Samosval.gif'),
(142, 5, 'Бортовой полуприцеп', 'pricep/polypricep/Bort.gif'),
(143, 5, 'Цистерна полуприцеп', 'pricep/polypricep/Cisterna.gif'),
(144, 5, 'Фургон полуприцеп', 'pricep/polypricep/Furgon.gif'),
(145, 5, 'Рефрижератор полуприцеп', 'pricep/polypricep/polupricep_refrigerator.gif'),
(146, 5, 'Контейнеровоз полуприцеп', 'pricep/polypricep/Konteiner.gif'),
(147, 5, 'Тентованный борт (штора)', 'pricep/polypricep/Tent.gif'),
(148, 5, 'Автовоз', 'pricep/polypricep/AutoVoz.gif'),
(149, 5, 'Лесовоз / Сортиментовоз', 'pricep/polypricep/Lesovoz.gif'),
(150, 5, 'Плитовоз', 'pricep/polypricep/Plitovoz.gif'),
(151, 5, 'Для перевозки животных', 'pricep/polypricep/Enimal.gif'),
(152, 5, 'Легковой прицеп', 'pricep/LightPricep.gif'),
(153, 5, 'Прицеп дача', 'pricep/Camp.gif'),
(154, 5, 'Лафет', 'pricep/lafet.gif'),
(155, 5, 'Другое', 'other.png'),
(156, 6, 'Микроавтобус грузовой (до 3,5т)', 'truck/truck_microbus.gif'),
(157, 6, 'Легковой фургон (до 1,5 т)', 'truck/light_furgon.gif'),
(158, 6, 'Тягач', 'truck/tyagach.gif'),
(159, 6, 'Грузовик', 'truck/autotruck.jpg'),
(160, 6, 'Платформа', 'truck/Konteinerovoz.gif'),
(161, 6, 'Шасси', 'truck/Konteinerovoz.gif'),
(162, 6, 'Самосвал', 'truck/samosval.gif'),
(163, 6, 'Бортовой', 'truck/bort_truck.gif'),
(164, 6, 'Цистерна', 'truck/cisterna.gif'),
(165, 6, 'Фургон', 'truck/furgon.gif'),
(166, 6, 'Эвакуатор', 'truck/evakuator.gif'),
(167, 6, 'Рефрижератор', 'truck/refrigerator_termokuzov.gif'),
(168, 6, 'Контейнеровоз', 'truck/Konteinerovoz.gif'),
(169, 6, 'Мусоровоз', 'truck/Trash.gif'),
(170, 6, 'Вахтовый автобус / Кунг', 'bus/kung.gif'),
(171, 6, 'Тентованый', 'truck/TentBort.gif'),
(172, 6, 'Мультилифт', 'truck/Multilift.gif'),
(173, 6, 'Автовоз', 'truck/Avtovoz.gif'),
(174, 6, 'Лесовоз / Сортиментовоз', 'special/lesovoz.gif '),
(175, 6, 'Стекловоз', 'truck/Steklovoz.gif'),
(176, 6, 'Для перевозки животных', 'truck/Skotovoz.gif'),
(177, 6, 'Другое', 'other.png'),
(178, 7, 'Микроавтобус (от 10 до 22 пас.)	', 'bus/mikroavtobus pasajir.gif'),
(179, 7, 'Автобус', 'bus/bus.jpg'),
(180, 7, 'Пригородный автобус', 'bus/prigorodniy.gif'),
(181, 7, 'Городской автобус', 'bus/gorodskoy.gif'),
(182, 7, 'Туристический / Междугородний автобус', 'bus/turisticheskiy.gif'),
(183, 7, 'Другое', 'other.png'),
(184, 8, 'Дом на колесах', 'autohouse/dom_na_kalesah.gif'),
(185, 8, 'Мобильный дом', 'autohouse/mobile-homes.jpg'),
(186, 8, 'Прицеп дача', 'pricep/Camp.gif'),
(187, 9, 'Самолёт', 'air/samolet.gif'),
(188, 9, 'Вертолёт', 'air/vertolet.gif'),
(189, 9, 'Дельтаплан', 'air/deltaplan.gif'),
(190, 9, 'Другое', 'air/drugoe.gif');

-- --------------------------------------------------------

--
-- Структура таблицы `transmission`
--

CREATE TABLE IF NOT EXISTS `transmission` (
  `id` int(11) NOT NULL AUTO_INCREMENT,
  `type` varchar(255) NOT NULL,
  PRIMARY KEY (`id`)
) ENGINE=InnoDB  DEFAULT CHARSET=utf8 AUTO_INCREMENT=6 ;

--
-- Дамп данных таблицы `transmission`
--

INSERT INTO `transmission` (`id`, `type`) VALUES
(1, 'Автомат'),
(2, 'Адаптивная'),
(3, 'Вариатор'),
(4, 'Ручная / Механика'),
(5, 'Типтроник');

-- --------------------------------------------------------

--
-- Структура таблицы `users`
--

CREATE TABLE IF NOT EXISTS `users` (
  `id` int(11) NOT NULL AUTO_INCREMENT,
  `reg_id` int(11) NOT NULL,
  `city_id` int(11) NOT NULL,
  `username` varchar(255) NOT NULL,
  `password` varchar(255) NOT NULL,
  `salt` varchar(255) NOT NULL,
  `old_password` varchar(255) NOT NULL,
  `secret` varchar(255) NOT NULL,
  `first_name` varchar(255) NOT NULL,
  `last_name` varchar(255) NOT NULL,
  `email` varchar(255) NOT NULL,
  `phone` varchar(255) NOT NULL,
  `skype` varchar(255) NOT NULL,
  `status` enum('pending','confirmed','waiting','ch_mail') NOT NULL DEFAULT 'pending',
  `enabled` enum('yes','no') NOT NULL DEFAULT 'yes',
  `avatar` varchar(255) NOT NULL,
  `added` datetime NOT NULL,
  `lastlogin` datetime DEFAULT NULL,
  PRIMARY KEY (`id`)
) ENGINE=InnoDB  DEFAULT CHARSET=utf8 AUTO_INCREMENT=8 ;

--
-- Дамп данных таблицы `users`
--

INSERT INTO `users` (`id`, `reg_id`, `city_id`, `username`, `password`, `salt`, `old_password`, `secret`, `first_name`, `last_name`, `email`, `phone`, `skype`, `status`, `enabled`, `avatar`, `added`, `lastlogin`) VALUES
(1, 0, 0, 'serg__666', '666666a', '', '666666a', 'asdNDa', 'Сергей', 'Веретило', 'sergey.veretilo@gmail.com', '', 'veretilo_sergei', 'confirmed', 'yes', '', '2013-07-06 16:33:24', '2013-05-07 10:22:00'),
(2, 0, 0, 'dima', '666666a', '', '666666a', 'sdg12C', 'Дмитрий', 'Головко', 'dima.golovko@gmail.com', '', 'dima_golovko', 'confirmed', 'yes', '', '2013-05-06 23:08:35', '2013-05-07 05:17:00'),
(3, 0, 0, 'Сергей', 'a1603e530f027f8801907febfdc42fb0', 'XvUPdl', '', '', '', '', 'test@gmail.com', '0931236991', '', 'pending', 'yes', '', '2013-07-03 16:57:23', '2013-07-02 03:06:00'),
(4, 0, 0, 'zzzrtrtyrty', '3a49bc5cf980fcb38687332a736bd983', 'JrK2P1', '', '', '', '', 'zzz@gmail.com', '0988888555', '', 'confirmed', 'yes', '', '2013-07-03 17:04:30', '2013-07-03 05:04:30'),
(5, 0, 0, 'Serg', '8bc9b328170d06d3cb166b7c8673b4ab', 'kdESP6', '', '', '', '', 'test1@gmail.com', '0931236991', '', 'pending', 'yes', '', '2013-07-03 17:13:07', '2013-07-03 17:13:07'),
(6, 0, 0, 'sdfsdfsdfsdf', '7b566258b49067a9e1070118cbce3f2c', '8wd6gg', '', '', '', '', 'test2@gmail.com', '0931235996', '', 'pending', 'yes', '', '2013-07-02 16:46:59', '2013-07-24 07:28:52'),
(7, 0, 0, 'Zames', '9339ef9ac064481560c57a5fc2aac644', 'PeyC8P', '', '', '', '', 'zames@gmail.com', '0987768044', '', 'pending', 'yes', '', '2013-07-18 20:12:01', '2013-08-19 13:20:29');

/*!40101 SET CHARACTER_SET_CLIENT=@OLD_CHARACTER_SET_CLIENT */;
/*!40101 SET CHARACTER_SET_RESULTS=@OLD_CHARACTER_SET_RESULTS */;
/*!40101 SET COLLATION_CONNECTION=@OLD_COLLATION_CONNECTION */;
