-- phpMyAdmin SQL Dump
-- version 3.4.10.1deb1
-- http://www.phpmyadmin.net
--
-- Хост: localhost
-- Время создания: Июл 17 2013 г., 18:58
-- Версия сервера: 5.5.29
-- Версия PHP: 5.3.10-1ubuntu3.6

SET SQL_MODE="NO_AUTO_VALUE_ON_ZERO";
SET time_zone = "+00:00";


/*!40101 SET @OLD_CHARACTER_SET_CLIENT=@@CHARACTER_SET_CLIENT */;
/*!40101 SET @OLD_CHARACTER_SET_RESULTS=@@CHARACTER_SET_RESULTS */;
/*!40101 SET @OLD_COLLATION_CONNECTION=@@COLLATION_CONNECTION */;
/*!40101 SET NAMES utf8 */;

--
-- База данных: `autosale`
--

-- --------------------------------------------------------

--
-- Структура таблицы `cars`
--

CREATE TABLE IF NOT EXISTS `cars` (
  `id` int(11) NOT NULL AUTO_INCREMENT,
  `user_id` int(11) NOT NULL,
  `cat_id` int(11) NOT NULL,
  `body_id` int(11) NOT NULL,
  `reg_id` int(11) NOT NULL,
  `model_id` int(11) NOT NULL,
  `mark_id` int(11) NOT NULL,
  `city_id` int(11) NOT NULL,
  `transmission_id` int(11) NOT NULL,
  `drive_id` int(11) NOT NULL,
  `doors` int(1) NOT NULL,
  `fuel_id` int(11) NOT NULL,
  `fuel_city` varchar(255) NOT NULL,
  `fuel_route` varchar(255) NOT NULL,
  `fuel_combine` varchar(255) NOT NULL,
  `color_id` int(11) NOT NULL,
  `metallic` tinyint(1) NOT NULL,
  `safety_id` int(11) NOT NULL,
  `comfort_id` int(11) NOT NULL,
  `multimedia_id` int(11) NOT NULL,
  `state_id` int(11) NOT NULL,
  `other_id` int(11) NOT NULL,
  `version` varchar(255) NOT NULL,
  `vin` varchar(255) NOT NULL,
  `title` varchar(255) NOT NULL,
  `description` text NOT NULL,
  `year` varchar(4) NOT NULL,
  `mileage` float NOT NULL,
  `volume` float NOT NULL,
  `price` float NOT NULL,
  `currency` enum('UAH','USD','EUR') NOT NULL DEFAULT 'UAH',
  `status` enum('active','pending','confirmed','waiting') NOT NULL DEFAULT 'waiting',
  `exchange` tinyint(1) NOT NULL,
  `auction` tinyint(1) NOT NULL,
  `priority` enum('none','hot','less','urgently') NOT NULL DEFAULT 'none',
  `enable_comment` tinyint(1) DEFAULT '0',
  `send_comments` tinyint(1) DEFAULT '0',
  `added` datetime NOT NULL,
  PRIMARY KEY (`id`)
) ENGINE=InnoDB  DEFAULT CHARSET=utf8 AUTO_INCREMENT=20 ;

--
-- Дамп данных таблицы `cars`
--

INSERT INTO `cars` (`id`, `user_id`, `cat_id`, `body_id`, `reg_id`, `model_id`, `mark_id`, `city_id`, `transmission_id`, `drive_id`, `doors`, `fuel_id`, `fuel_city`, `fuel_route`, `fuel_combine`, `color_id`, `metallic`, `safety_id`, `comfort_id`, `multimedia_id`, `state_id`, `other_id`, `version`, `vin`, `title`, `description`, `year`, `mileage`, `volume`, `price`, `currency`, `status`, `exchange`, `auction`, `priority`, `enable_comment`, `send_comments`, `added`) VALUES
(1, 1, 0, 0, 1, 1, 2, 22, 4, 2, 4, 1, '', '', '', 1, 0, 0, 0, 0, 0, 0, '', '', 'Продам Audi 100', 'Продам Audi 100', '1994', 320, 2.4, 7450, 'UAH', 'waiting', 0, 0, 'none', 0, 0, '2013-07-02 09:00:00'),
(2, 1, 0, 0, 1, 1, 1, 57, 4, 2, 4, 2, '', '', '', 6, 0, 0, 0, 0, 0, 0, '', '', 'Продам Audi 80', 'Продам Audi 80', '1992', 190, 2, 5600, 'UAH', 'waiting', 0, 0, 'none', 0, 0, '2013-07-03 10:31:32'),
(3, 2, 0, 0, 1, 2, 2, 3, 1, 3, 5, 4, '', '', '', 9, 0, 0, 0, 0, 0, 0, '', '', 'Продам', 'Продам', '1990', 240, 1.8, 8100, 'USD', 'waiting', 0, 0, 'none', 0, 0, '2013-01-12 08:11:00'),
(5, 0, 0, 0, 10, 1, 0, 0, 0, 0, 0, 0, '', '', '', 0, 0, 0, 0, 0, 0, 0, '', '', 'Title', 'Description', '1987', 0, 0, 46000, 'UAH', 'waiting', 0, 0, 'none', 0, 0, '2013-06-04 22:49:31'),
(6, 0, 2, 12, 13, 4, 2, 0, 1, 2, 1, 2, '0', '0', '0', 21, 1, 0, 0, 0, 0, 0, '', '', '', 'zazaz zazazaza zazazaza', '2011', 456, 456, 546, 'USD', 'waiting', 0, 0, 'none', 1, 1, '2013-07-03 15:31:17'),
(7, 0, 1, 2, 20, 3, 1, 0, 4, 3, 4, 1, '9', '8', '9', 20, 1, 0, 0, 0, 0, 0, 'CC', '213260890746456', '', 'hghgfhfhfg fghfghfgh gfhfghfgh', '1997', 255, 2.6, 7850, 'USD', 'waiting', 1, 1, 'none', 1, 1, '2013-04-22 11:20:00'),
(8, 0, 0, 0, 4, 4, 2, 0, 0, 0, 0, 0, '0', '0', '0', 0, 0, 0, 0, 0, 0, 0, '', '', '', '', '1996', 120, 0, 3450, 'USD', 'waiting', 0, 0, 'none', 1, 1, '2013-07-04 06:07:00'),
(9, 0, 0, 0, 4, 4, 2, 0, 0, 0, 0, 0, '0', '0', '0', 0, 0, 0, 0, 0, 0, 0, '', '', '', '', '1994', 20, 1.3, 5670, 'USD', 'waiting', 0, 0, 'none', 1, 1, '2013-07-04 05:06:08'),
(10, 0, 1, 1, 3, 5, 1, 0, 4, 3, 4, 1, '8', '7', '8', 2, 1, 0, 0, 0, 0, 0, 'c4', '123124354609909090', '', '', '1996', 244, 2, 6000, 'USD', 'waiting', 0, 0, 'none', 1, 1, '2013-07-04 12:41:23'),
(11, 3, 1, 1, 10, 6, 1, 0, 4, 2, 4, 1, '10', '9', '10', 13, 1, 0, 0, 0, 0, 0, 'C4', '', '', 'Description', '1994', 230, 3.2, 73400, 'UAH', 'waiting', 1, 1, 'none', 1, 1, '2013-07-04 12:05:00'),
(12, 6, 1, 5, 6, 3, 1, 0, 4, 2, 4, 1, '0', '0', '0', 18, 1, 0, 0, 0, 0, 0, '', '', '', 'Description', '1996', 180, 2, 7800, 'EUR', 'waiting', 1, 1, 'none', NULL, NULL, '0000-00-00 00:00:00'),
(13, 6, 4, 56, 5, 5, 2, 0, 3, 2, 2, 3, '0', '0', '0', 15, 1, 0, 0, 0, 0, 0, '', '', '', 'Description', '2000', 5432, 234, 234, 'USD', 'waiting', 1, 1, 'none', NULL, NULL, '2013-07-04 14:43:16'),
(14, 6, 1, 6, 18, 7, 3, 0, 4, 2, 2, 1, '0', '0', '0', 18, 1, 0, 0, 0, 0, 0, '3', '', '', 'Description', '2009', 120, 1.6, 7800, 'USD', 'waiting', 0, 1, 'less', NULL, NULL, '2013-07-05 13:47:28'),
(15, 6, 1, 1, 10, 4, 1, 0, 4, 2, 4, 1, '0', '0', '0', 2, 0, 0, 0, 0, 0, 0, '', '', '', 'Description', '1996', 120, 1.6, 6900, 'USD', 'waiting', 1, 0, 'none', NULL, NULL, '2013-07-05 14:22:09'),
(16, 6, 1, 2, 20, 121, 10, 0, 1, 3, 4, 1, '0', '0', '0', 3, 1, 0, 0, 0, 0, 0, '', '', '', 'Description', '2011', 12, 3.5, 56000, 'USD', 'waiting', 1, 1, 'none', NULL, NULL, '2013-07-15 18:57:38'),
(17, 6, 1, 2, 4, 311, 29, 0, 4, 3, 2, 1, '0', '0', '0', 17, 1, 0, 0, 0, 0, 0, '', '', '', 'Description', '2006', 45, 6, 15980, 'USD', 'waiting', 0, 0, 'none', NULL, NULL, '2013-07-16 13:09:10'),
(18, 6, 1, 0, 9, 158, 18, 0, 4, 2, 4, 1, '0', '0', '0', 18, 1, 0, 0, 0, 0, 0, '', '', '', 'Description', '2003', 67, 1.6, 72800, 'EUR', 'waiting', 0, 0, 'none', NULL, NULL, '2013-07-16 13:11:32'),
(19, 6, 2, 15, 3, 1216, 101, 0, 0, 0, 0, 1, '0', '0', '0', 3, 1, 0, 0, 0, 0, 0, '', '', '', 'Description', '2004', 120, 1.3, 447440, 'USD', 'waiting', 0, 0, 'none', NULL, NULL, '2013-07-16 15:31:36');

-- --------------------------------------------------------

--
-- Структура таблицы `car_comfort`
--

CREATE TABLE IF NOT EXISTS `car_comfort` (
  `id` int(11) NOT NULL AUTO_INCREMENT,
  `car_id` int(11) NOT NULL,
  `comfort_id` int(11) NOT NULL,
  PRIMARY KEY (`id`)
) ENGINE=InnoDB  DEFAULT CHARSET=utf8 AUTO_INCREMENT=72 ;

--
-- Дамп данных таблицы `car_comfort`
--

INSERT INTO `car_comfort` (`id`, `car_id`, `comfort_id`) VALUES
(1, 1, 1),
(2, 1, 2),
(3, 1, 3),
(4, 1, 4),
(5, 1, 5),
(6, 1, 6),
(7, 1, 7),
(8, 2, 1),
(9, 2, 2),
(10, 2, 3),
(11, 2, 4),
(12, 2, 5),
(13, 2, 6),
(14, 2, 7),
(15, 3, 1),
(16, 3, 2),
(17, 3, 3),
(18, 3, 4),
(19, 3, 5),
(20, 3, 6),
(49, 7, 3),
(50, 7, 4),
(51, 7, 5),
(52, 7, 6),
(53, 7, 11),
(54, 7, 12),
(55, 7, 14),
(56, 7, 15),
(57, 7, 3),
(58, 7, 4),
(59, 7, 5),
(60, 7, 6),
(61, 7, 11),
(62, 7, 12),
(63, 7, 14),
(64, 7, 15),
(65, 8, 11),
(69, 11, 1),
(70, 11, 2),
(71, 11, 3);

-- --------------------------------------------------------

--
-- Структура таблицы `car_multimedia`
--

CREATE TABLE IF NOT EXISTS `car_multimedia` (
  `id` int(11) NOT NULL AUTO_INCREMENT,
  `car_id` int(11) NOT NULL,
  `multimedia_id` int(11) NOT NULL,
  PRIMARY KEY (`id`)
) ENGINE=InnoDB  DEFAULT CHARSET=utf8 AUTO_INCREMENT=36 ;

--
-- Дамп данных таблицы `car_multimedia`
--

INSERT INTO `car_multimedia` (`id`, `car_id`, `multimedia_id`) VALUES
(1, 1, 1),
(2, 1, 2),
(3, 1, 3),
(4, 1, 4),
(5, 1, 5),
(6, 1, 6),
(7, 2, 1),
(8, 2, 2),
(9, 2, 3),
(10, 2, 4),
(11, 3, 1),
(12, 3, 2),
(13, 3, 3),
(26, 7, 3),
(27, 7, 4),
(28, 7, 3),
(29, 7, 4),
(33, 11, 2),
(34, 11, 3),
(35, 11, 4);

-- --------------------------------------------------------

--
-- Структура таблицы `car_other`
--

CREATE TABLE IF NOT EXISTS `car_other` (
  `id` int(11) NOT NULL AUTO_INCREMENT,
  `car_id` int(11) NOT NULL,
  `other_id` int(11) NOT NULL,
  PRIMARY KEY (`id`)
) ENGINE=InnoDB  DEFAULT CHARSET=utf8 AUTO_INCREMENT=34 ;

--
-- Дамп данных таблицы `car_other`
--

INSERT INTO `car_other` (`id`, `car_id`, `other_id`) VALUES
(1, 1, 1),
(2, 1, 2),
(3, 1, 3),
(4, 1, 4),
(5, 1, 5),
(6, 2, 1),
(7, 2, 2),
(8, 2, 3),
(9, 2, 4),
(10, 2, 5),
(11, 3, 1),
(12, 3, 2),
(13, 3, 3),
(14, 3, 4),
(24, 7, 2),
(25, 7, 3),
(26, 7, 6),
(27, 7, 2),
(28, 7, 3),
(29, 7, 6),
(30, 8, 5),
(31, 8, 6),
(33, 11, 2);

-- --------------------------------------------------------

--
-- Структура таблицы `car_safety`
--

CREATE TABLE IF NOT EXISTS `car_safety` (
  `id` int(11) NOT NULL AUTO_INCREMENT,
  `car_id` int(11) NOT NULL,
  `safety_id` int(11) NOT NULL,
  PRIMARY KEY (`id`)
) ENGINE=InnoDB  DEFAULT CHARSET=utf8 AUTO_INCREMENT=61 ;

--
-- Дамп данных таблицы `car_safety`
--

INSERT INTO `car_safety` (`id`, `car_id`, `safety_id`) VALUES
(1, 1, 1),
(2, 1, 2),
(3, 1, 3),
(4, 1, 4),
(5, 2, 1),
(6, 2, 2),
(7, 2, 3),
(8, 2, 4),
(9, 2, 5),
(10, 2, 6),
(11, 2, 7),
(12, 3, 1),
(13, 3, 2),
(14, 3, 3),
(15, 3, 4),
(16, 3, 5),
(43, 7, 1),
(44, 7, 2),
(45, 7, 3),
(46, 7, 6),
(47, 7, 7),
(48, 7, 8),
(49, 7, 1),
(50, 7, 2),
(51, 7, 3),
(52, 7, 6),
(53, 7, 7),
(54, 7, 8),
(55, 8, 10),
(56, 8, 11),
(59, 11, 2),
(60, 11, 4);

-- --------------------------------------------------------

--
-- Структура таблицы `car_state`
--

CREATE TABLE IF NOT EXISTS `car_state` (
  `id` int(11) NOT NULL AUTO_INCREMENT,
  `car_id` int(11) NOT NULL,
  `state_id` int(11) NOT NULL,
  PRIMARY KEY (`id`)
) ENGINE=InnoDB  DEFAULT CHARSET=utf8 AUTO_INCREMENT=40 ;

--
-- Дамп данных таблицы `car_state`
--

INSERT INTO `car_state` (`id`, `car_id`, `state_id`) VALUES
(1, 1, 1),
(2, 1, 2),
(3, 1, 3),
(4, 1, 4),
(5, 1, 5),
(6, 1, 6),
(7, 2, 1),
(8, 2, 2),
(9, 2, 3),
(10, 2, 4),
(11, 2, 5),
(12, 2, 6),
(13, 3, 1),
(14, 3, 2),
(15, 3, 3),
(16, 3, 4),
(17, 3, 5),
(18, 3, 6),
(26, 7, 5),
(27, 7, 6),
(28, 7, 8),
(29, 7, 9),
(30, 7, 5),
(31, 7, 6),
(32, 7, 8),
(33, 7, 9),
(37, 11, 1),
(38, 11, 2),
(39, 11, 3);

-- --------------------------------------------------------

--
-- Структура таблицы `categories_marks`
--

CREATE TABLE IF NOT EXISTS `categories_marks` (
  `id` int(11) NOT NULL AUTO_INCREMENT,
  `cat_id` int(11) NOT NULL,
  `mark_id` int(11) NOT NULL,
  PRIMARY KEY (`id`)
) ENGINE=InnoDB  DEFAULT CHARSET=utf8 AUTO_INCREMENT=291 ;

--
-- Дамп данных таблицы `categories_marks`
--

INSERT INTO `categories_marks` (`id`, `cat_id`, `mark_id`) VALUES
(1, 1, 1),
(2, 1, 2),
(3, 1, 3),
(4, 1, 4),
(7, 1, 5),
(8, 1, 6),
(11, 1, 7),
(12, 1, 8),
(13, 1, 9),
(14, 1, 10),
(15, 1, 11),
(16, 1, 12),
(17, 1, 13),
(18, 1, 14),
(19, 1, 15),
(20, 1, 16),
(21, 1, 17),
(22, 1, 18),
(23, 1, 19),
(24, 1, 20),
(25, 1, 21),
(26, 1, 22),
(27, 1, 23),
(28, 1, 24),
(29, 1, 25),
(30, 1, 26),
(31, 1, 27),
(32, 1, 28),
(33, 1, 29),
(34, 1, 30),
(35, 1, 31),
(36, 1, 32),
(37, 1, 33),
(38, 1, 34),
(39, 1, 35),
(40, 1, 36),
(41, 1, 37),
(42, 1, 38),
(43, 1, 39),
(44, 1, 40),
(45, 1, 41),
(46, 1, 42),
(47, 1, 43),
(48, 1, 44),
(49, 1, 45),
(50, 1, 46),
(51, 1, 47),
(52, 1, 48),
(53, 1, 49),
(54, 1, 50),
(55, 1, 51),
(56, 1, 52),
(57, 1, 53),
(58, 1, 54),
(59, 1, 55),
(60, 1, 56),
(61, 1, 57),
(62, 1, 58),
(63, 1, 59),
(64, 1, 60),
(65, 1, 61),
(66, 1, 62),
(67, 1, 63),
(68, 1, 64),
(69, 1, 65),
(70, 1, 66),
(71, 1, 67),
(72, 1, 68),
(73, 1, 69),
(74, 1, 70),
(75, 1, 71),
(76, 1, 72),
(77, 1, 73),
(78, 1, 74),
(79, 1, 75),
(80, 1, 76),
(81, 1, 77),
(82, 1, 78),
(83, 1, 79),
(84, 1, 80),
(85, 1, 81),
(86, 1, 82),
(87, 1, 83),
(88, 1, 84),
(89, 6, 85),
(90, 1, 86),
(91, 1, 87),
(92, 1, 88),
(93, 1, 89),
(94, 1, 90),
(95, 1, 91),
(96, 1, 92),
(97, 1, 93),
(98, 1, 94),
(99, 1, 95),
(100, 1, 96),
(101, 1, 97),
(102, 1, 98),
(103, 1, 99),
(104, 1, 100),
(105, 1, 101),
(106, 6, 102),
(107, 1, 103),
(108, 1, 104),
(109, 1, 105),
(110, 1, 106),
(111, 1, 107),
(112, 1, 108),
(113, 1, 109),
(114, 1, 110),
(115, 1, 111),
(116, 1, 113),
(117, 1, 112),
(118, 1, 114),
(119, 1, 115),
(120, 1, 116),
(121, 6, 117),
(122, 1, 118),
(123, 6, 119),
(124, 1, 120),
(125, 6, 121),
(126, 6, 122),
(127, 1, 123),
(128, 6, 124),
(129, 6, 125),
(130, 6, 126),
(131, 6, 127),
(132, 2, 10),
(133, 2, 43),
(134, 2, 46),
(135, 2, 49),
(136, 2, 101),
(137, 2, 120),
(138, 7, 19),
(139, 7, 25),
(140, 7, 26),
(141, 7, 37),
(142, 7, 46),
(143, 7, 49),
(144, 7, 68),
(145, 7, 102),
(146, 7, 105),
(147, 7, 110),
(148, 2, 128),
(149, 3, 129),
(150, 3, 130),
(151, 3, 131),
(152, 3, 132),
(153, 3, 133),
(154, 3, 134),
(155, 3, 135),
(156, 3, 136),
(157, 3, 137),
(158, 3, 138),
(159, 3, 139),
(160, 3, 140),
(161, 3, 141),
(162, 3, 142),
(163, 3, 143),
(164, 3, 144),
(165, 3, 145),
(166, 3, 146),
(167, 3, 147),
(168, 3, 148),
(169, 3, 149),
(170, 4, 46),
(171, 4, 49),
(172, 4, 74),
(173, 4, 110),
(174, 4, 151),
(175, 4, 152),
(176, 4, 153),
(177, 4, 154),
(178, 4, 155),
(179, 4, 156),
(180, 4, 157),
(181, 4, 158),
(182, 4, 159),
(183, 4, 160),
(184, 4, 161),
(185, 4, 162),
(186, 4, 163),
(187, 4, 164),
(188, 4, 165),
(189, 4, 166),
(190, 4, 167),
(191, 4, 168),
(192, 4, 169),
(193, 4, 170),
(194, 4, 171),
(195, 4, 172),
(196, 4, 173),
(197, 4, 174),
(198, 4, 175),
(199, 4, 176),
(200, 4, 177),
(201, 4, 178),
(202, 4, 179),
(203, 4, 180),
(204, 4, 181),
(205, 4, 182),
(206, 4, 183),
(207, 4, 184),
(208, 4, 185),
(209, 4, 186),
(210, 4, 187),
(211, 4, 188),
(212, 4, 189),
(213, 4, 190),
(214, 4, 191),
(215, 4, 192),
(216, 4, 193),
(217, 4, 194),
(218, 4, 195),
(219, 4, 196),
(220, 4, 197),
(221, 4, 198),
(222, 4, 199),
(223, 4, 200),
(224, 4, 201),
(225, 4, 202),
(226, 4, 203),
(227, 4, 204),
(228, 4, 205),
(229, 4, 206),
(230, 4, 207),
(231, 4, 208),
(232, 4, 209),
(233, 4, 210),
(234, 4, 211),
(235, 4, 212),
(236, 4, 213),
(237, 4, 214),
(238, 4, 215),
(239, 5, 216),
(240, 5, 267),
(241, 5, 217),
(242, 5, 218),
(243, 5, 219),
(244, 5, 220),
(245, 5, 221),
(246, 5, 222),
(247, 5, 223),
(248, 5, 224),
(249, 5, 225),
(250, 5, 226),
(251, 5, 227),
(252, 5, 228),
(253, 5, 229),
(254, 5, 230),
(255, 5, 231),
(256, 5, 232),
(257, 5, 233),
(258, 5, 234),
(259, 5, 235),
(260, 5, 236),
(261, 5, 237),
(262, 5, 238),
(263, 5, 239),
(264, 5, 240),
(265, 5, 241),
(266, 5, 242),
(267, 5, 243),
(268, 5, 244),
(269, 5, 245),
(270, 5, 246),
(271, 5, 247),
(272, 5, 248),
(273, 5, 249),
(274, 5, 250),
(275, 5, 251),
(276, 5, 252),
(277, 5, 253),
(278, 5, 254),
(279, 5, 255),
(280, 5, 256),
(281, 5, 257),
(282, 5, 258),
(283, 5, 259),
(284, 5, 260),
(285, 5, 261),
(286, 5, 262),
(287, 5, 263),
(288, 5, 264),
(289, 5, 265),
(290, 5, 266);

-- --------------------------------------------------------

--
-- Структура таблицы `category`
--

CREATE TABLE IF NOT EXISTS `category` (
  `id` int(11) NOT NULL AUTO_INCREMENT,
  `name` varchar(255) NOT NULL,
  PRIMARY KEY (`id`)
) ENGINE=InnoDB  DEFAULT CHARSET=utf8 AUTO_INCREMENT=10 ;

--
-- Дамп данных таблицы `category`
--

INSERT INTO `category` (`id`, `name`) VALUES
(1, 'Легковые'),
(2, 'Мото'),
(3, 'Водный транспорт'),
(4, 'Спецтехника'),
(5, 'Прицепы'),
(6, 'Грузовики'),
(7, 'Автобусы'),
(8, 'Автодома'),
(9, 'Воздушный транспорт');

-- --------------------------------------------------------

--
-- Структура таблицы `city`
--

CREATE TABLE IF NOT EXISTS `city` (
  `id` int(11) NOT NULL AUTO_INCREMENT,
  `region_id` int(11) NOT NULL,
  `name` varchar(50) DEFAULT NULL,
  `phone_code` varchar(7) DEFAULT NULL,
  PRIMARY KEY (`id`)
) ENGINE=InnoDB  DEFAULT CHARSET=utf8 AUTO_INCREMENT=2467 ;

--
-- Дамп данных таблицы `city`
--

INSERT INTO `city` (`id`, `region_id`, `name`, `phone_code`) VALUES
(1, 16, 'Абазовка', '5322'),
(2, 15, 'Авангард', '4851'),
(3, 5, 'Авдеевка', '622'),
(4, 1, 'Аграрное', '652'),
(5, 2, 'Агрономичное', '432'),
(6, 14, 'Агрономия', '5132'),
(7, 22, 'Адамполь', '3850'),
(8, 11, 'Аджамка', '6565'),
(9, 1, 'Азовское', '6564'),
(10, 8, 'Акимовка', '6131'),
(11, 11, 'Александрия', '5235'),
(12, 11, 'Александровка', '5242'),
(13, 5, 'Александровка', '6269'),
(14, 12, 'Александровка', '6434'),
(15, 15, 'Александровка', '4868'),
(16, 15, 'Александровка', '4855'),
(17, 20, 'Александровка', '5764'),
(18, 10, 'Александровка', '44'),
(19, 12, 'Александровск', '642'),
(20, 4, 'Александрополь', '5616'),
(21, 4, 'Алексеевка', '5662'),
(22, 5, 'Алексеево-Дружковка', '6272'),
(23, 12, 'Алмазная', '652'),
(24, 18, 'Алтыновка', '5453'),
(25, 1, 'Алупка', '654'),
(26, 1, 'Алушта', '6560'),
(27, 12, 'Алчевск', '6442'),
(28, 5, 'Амвросиевка', '6259'),
(29, 15, 'Ананьев', '4863'),
(30, 7, 'Андреевка', '3122'),
(31, 6, 'Андреевка', '4231'),
(32, 8, 'Андреевка', '6153'),
(33, 4, 'Андреевка', '5638'),
(34, 4, 'Андреевка', '5638'),
(35, 18, 'Андрияшивка', '5448'),
(36, 6, 'Андрушевка', '4136'),
(37, 6, 'Андрушки', '4137'),
(38, 22, 'Аннополь', '3842'),
(39, 7, 'Анталовцы', '3122'),
(40, 21, 'Антоновка', ''),
(41, 17, 'Антоновка', '3634'),
(42, 17, 'Антополь', '0362'),
(43, 12, 'Антрацит', '6431'),
(44, 4, 'Апостолово', '5656'),
(45, 14, 'Арбузинка', '5132'),
(46, 1, 'Армянск', '6565'),
(47, 5, 'Артема', '6272'),
(48, 16, 'Артемовка', '5347'),
(49, 5, 'Артемово', ''),
(50, 12, 'Артемовск', '6441'),
(51, 5, 'Артемовск', '6274'),
(52, 5, 'Артемовское', ''),
(53, 15, 'Арциз', '4845'),
(54, 21, 'Аскания-Нова', '5538'),
(55, 4, 'Аулы', '5617'),
(56, 18, 'Ахтырка', '5446'),
(57, 1, 'Аэрофлотский', '652'),
(58, 20, 'Бабаи', '572'),
(59, 23, 'Бабанка', '4744'),
(60, 2, 'Бабин', '4345'),
(61, 17, 'Бабин', '3650'),
(62, 10, 'Бабинцы', '4477'),
(63, 1, 'Багерово', '6557'),
(64, 10, 'Багрин', '4471'),
(65, 17, 'Базальтовое', '3657'),
(66, 23, 'Байбузы', '472'),
(67, 19, 'Байковцы', '352'),
(68, 12, 'Байрачки', '6441'),
(69, 8, 'Балабино', '612'),
(70, 20, 'Балаклея', '5749'),
(71, 2, 'Балки', '43410'),
(72, 4, 'Баловка', '562'),
(73, 14, 'Баловное', '5167'),
(74, 15, 'Балта', '4866'),
(75, 14, 'Бандурка', '5161'),
(76, 18, 'Баничи', '5444'),
(77, 13, 'Баня лысовицкая', '3245'),
(78, 2, 'Бар', '43410'),
(79, 7, 'Баранинцы', '3122'),
(80, 6, 'Барановка', '4144'),
(81, 20, 'Барвенково', '5757'),
(82, 7, 'Барвинок', '3122'),
(83, 14, 'Бармашово', '512'),
(84, 10, 'Барышевка', '4476'),
(85, 13, 'Басовка', '3230'),
(86, 24, 'Батурин', '4635'),
(87, 7, 'Батьево', '3141'),
(88, 22, 'Бахматовцы', '3822'),
(89, 24, 'Бахмач', '4635'),
(90, 5, 'Бахмутское', ''),
(91, 1, 'Бахчисарай', '6554'),
(92, 14, 'Баштанка', '5158'),
(93, 7, 'Бедевля', '3134'),
(94, 20, 'Безлюдовка', '572'),
(95, 10, 'Безпятное', '4471'),
(96, 24, 'Безугловка', '4631'),
(97, 19, 'Белая', '352'),
(98, 5, 'Белая гора', '6272'),
(99, 6, 'Белая Криница', '4132'),
(100, 17, 'Белая криница', '362'),
(101, 10, 'Белая Церковь', '4463'),
(102, 15, 'Белгород-Днестровский', '4849'),
(103, 13, 'Белз', '3257'),
(104, 16, 'Белики', '5343'),
(105, 3, 'Белин', '3352'),
(106, 15, 'Белино', '4866'),
(107, 5, 'Белицкое', '6277'),
(108, 7, 'Белки', '3144'),
(109, 19, 'Белобожница', '3552'),
(110, 12, 'Беловодск', '6466'),
(111, 18, 'Беловоды', '542'),
(112, 1, 'Белоглинка', '652'),
(113, 10, 'Белогородка', '44'),
(114, 1, 'Белогорск', '6559'),
(115, 22, 'Белогорье', '3841'),
(116, 12, 'Белое', '642'),
(117, 21, 'Белозерка', '5547'),
(118, 5, 'Белозерское', '6277'),
(119, 23, 'Белозорье', '472'),
(120, 19, 'Белокриница', '3546'),
(121, 5, 'Белокузьминовка', '6272'),
(122, 12, 'Белокуракино', '6462'),
(123, 18, 'Белополье', '5443'),
(124, 12, 'Белореченский', '6436'),
(125, 24, 'Белошицкая слобода', '4657'),
(126, 20, 'Белый колодезь', '5741'),
(127, 15, 'Беляевка', '4852'),
(128, 6, 'Бердичев', '4143'),
(129, 8, 'Бердянск', '6153'),
(130, 8, 'Бердянское', '6153'),
(131, 7, 'Берегово', '3141'),
(132, 25, 'Берегомет', '3730'),
(133, 19, 'Бережаны', '3548'),
(134, 11, 'Бережинка', '6565'),
(135, 18, 'Береза', '5444'),
(136, 14, 'Березанка', '5153'),
(137, 24, 'Березанка', '4622'),
(138, 10, 'Березань', '4476'),
(139, 13, 'Березина', '3241'),
(140, 15, 'Березино', '4847'),
(141, 24, 'Березна', '4644'),
(142, 14, 'Березнеговатое', '5168'),
(143, 17, 'Березно', '3653'),
(144, 20, 'Березовка', '572'),
(145, 15, 'Березовка', '4856'),
(146, 7, 'Березово', '3142'),
(147, 20, 'Берека', '05748'),
(148, 3, 'Берестечко', '3379'),
(149, 17, 'Берестовец', '3657'),
(150, 21, 'Берислав', '5546'),
(151, 2, 'Бершадь', '4352'),
(152, 10, 'Беспечная', '4468'),
(153, 6, 'Бехи', '04142'),
(154, 16, 'Биологичное', '532'),
(155, 20, 'Бирки', '5747'),
(156, 13, 'Бисковичи', '3236'),
(157, 1, 'Ближнее', '6562'),
(158, 20, 'Близнюки', '5754'),
(159, 10, 'Блиставица', '4477'),
(160, 24, 'Бобрик', '4631'),
(161, 12, 'Бобриково', ''),
(162, 11, 'Бобринец', '5257'),
(163, 13, 'Бобрка', '3263'),
(164, 24, 'Бобровица', '4632'),
(165, 12, 'Боброво', '6452'),
(166, 7, 'Богдан', '3122'),
(167, 11, 'Богдановка', '6556'),
(168, 18, 'Богдановка', '5449'),
(169, 10, 'Богдановка', '4494'),
(170, 10, 'Богдановка', '4475'),
(171, 22, 'Богдановцы', '3822'),
(172, 20, 'Богодухов', '5758'),
(173, 9, 'Богородчаны', '3471'),
(174, 5, 'Богоявленка', ''),
(175, 4, 'Богуслав', '5672'),
(176, 10, 'Богуслав', '4461'),
(177, 9, 'Боднаров', '3472'),
(178, 16, 'Божковское', '5322'),
(179, 19, 'Боков', '3542'),
(180, 15, 'Болград', '4846'),
(181, 9, 'Болехов', '3477'),
(182, 11, 'Большая Виска', ''),
(183, 17, 'Большой Олексин', '3622'),
(184, 1, 'Бондаренково', '6557'),
(185, 6, 'Бондари', '4148'),
(186, 6, 'Бондаривка', '04142'),
(187, 3, 'Боратин', '3322'),
(188, 24, 'Борзна', '4653'),
(189, 13, 'Борислав', '3248'),
(190, 10, 'Борисполь', '4495'),
(191, 16, 'Борки', '5353'),
(192, 13, 'Борки', '3259'),
(193, 20, 'Боровая', '5759'),
(194, 10, 'Боровая', '4465'),
(195, 12, 'Боровеньки', '6454'),
(196, 12, 'Боровское', '6452'),
(197, 25, 'Боровцы', '3736'),
(198, 10, 'Бородянка', '4477'),
(199, 21, 'Борозенское', '4349'),
(200, 18, 'Боромля', '5458'),
(201, 24, 'Боромыки', '4622'),
(202, 7, 'Боронява', '3142'),
(203, 10, 'Бортничи', '44'),
(204, 19, 'Борщев', '3541'),
(205, 15, 'Борщи', '4862'),
(206, 2, 'Бохоники', '432'),
(207, 25, 'Бояны', '3733'),
(208, 10, 'Боярка', '4498'),
(209, 4, 'Брагиновка', '5671'),
(210, 4, 'Брагиновка', '5671'),
(211, 2, 'Браилов', '4332'),
(212, 14, 'Братское', '5131'),
(213, 4, 'Братское', '562'),
(214, 2, 'Брацлав', '4331'),
(215, 24, 'Бригинцы', '4646'),
(216, 21, 'Брилевка', '5542'),
(217, 15, 'Бритовка', '4849'),
(218, 10, 'Бровары', '4494'),
(219, 2, 'Бродецкое', '4342'),
(220, 13, 'Броды', '3266'),
(221, 6, 'Броницкая Гута', '4141'),
(222, 9, 'Брошнив', '3474'),
(223, 9, 'Брошнив-осада', '3474'),
(224, 6, 'Брусилов', '4162'),
(225, 13, 'Брюховичи', '322'),
(226, 12, 'Брянка', '6443'),
(227, 17, 'Бугаевка', '3633'),
(228, 17, 'Бугрин', '3650'),
(229, 14, 'Бугское', '5134'),
(230, 19, 'Буданов', '3551'),
(231, 18, 'Будивельное', '5444'),
(232, 18, 'Будилка', '5445'),
(233, 23, 'Будище', '472'),
(234, 23, 'Будки', ''),
(235, 20, 'Буды', '572'),
(236, 23, 'Бужанка', '4749'),
(237, 10, 'Бузовая', '44'),
(238, 23, 'Бузуков', '0472'),
(239, 18, 'Буймеровка', ''),
(240, 15, 'Бурлача балка', '4868'),
(241, 22, 'Буртын', '3843'),
(242, 9, 'Бурштын', '3438'),
(243, 18, 'Бурынь', '5454'),
(244, 13, 'Буск', '3264'),
(245, 16, 'Бутенки', '5343'),
(246, 3, 'Буцин', '3346'),
(247, 10, 'Буча', '4497'),
(248, 13, 'Бучалы', ''),
(249, 19, 'Бучач', '3544'),
(250, 7, 'Буштыно', '3134'),
(251, 6, 'Быковка', '4146'),
(252, 5, 'Былбасовка', ''),
(253, 6, 'Быстрик', '4143'),
(254, 17, 'Быстричи', '3653'),
(255, 2, 'В.Киреевка', ''),
(256, 20, 'Валки', '5753'),
(257, 4, 'Валовое', '564'),
(258, 12, 'Валуйское', '6472'),
(259, 25, 'Валя кузьмина', '3734'),
(260, 23, 'Валява', '4734'),
(261, 13, 'Ваньковичи', '3236'),
(262, 2, 'Вапнярка', '4350'),
(263, 24, 'Варва', '4636'),
(264, 19, 'Варваринцы', '3551'),
(265, 17, 'Варковичи', '3656'),
(266, 7, 'Вары', '3141'),
(267, 8, 'Васильевка', '6175'),
(268, 23, 'Васильков', '4741'),
(269, 10, 'Васильков', '4471'),
(270, 4, 'Васильковка', '5639'),
(271, 20, 'Васищево', '572'),
(272, 6, 'Васьковичи', '4142'),
(273, 23, 'Ватутино', '4740'),
(274, 20, 'Ватутино', ''),
(275, 12, 'Вахрушево', '6432'),
(276, 25, 'Вашковцы', '3730'),
(277, 20, 'Введенка', '5746'),
(278, 21, 'Великая Александровка', '5532'),
(279, 16, 'Великая Багачка', '5345'),
(280, 7, 'Великая бакта', '3141'),
(281, 8, 'Великая Белозерка', '6156'),
(282, 19, 'Великая Березовица', '352'),
(283, 3, 'Великая глуша', '3362'),
(284, 13, 'Великая горожанка', '3241'),
(285, 7, 'Великая добронь', '3122'),
(286, 24, 'Великая дорога', '4631'),
(287, 24, 'Великая дочь', '4653'),
(288, 21, 'Великая кардашинка', '5539'),
(289, 16, 'Великая круча', '5358'),
(290, 21, 'Великая Лепетиха', '5543'),
(291, 15, 'Великая Михайловка', '4859'),
(292, 5, 'Великая Новоселка', '6243'),
(293, 17, 'Великая омеляна', '362'),
(294, 18, 'Великая Писаревка', '5457'),
(295, 11, 'Великая северинка', '6565'),
(296, 18, 'Великая чернеччина', '542'),
(297, 23, 'Великая яблоновка', ''),
(298, 19, 'Великие Борки', '352'),
(299, 18, 'Великие вильмы', '542'),
(300, 19, 'Великие гаи', '352'),
(301, 13, 'Великие Глебовичи', '3263'),
(302, 10, 'Великие гуляки', '4465'),
(303, 19, 'Великие Дедеркалы', '3558'),
(304, 21, 'Великие копаны', '5542'),
(305, 6, 'Великие Коровинцы', '4139'),
(306, 16, 'Великие крынки', '5365'),
(307, 7, 'Великие лазы', '3122'),
(308, 7, 'Великие лучки', '3131'),
(309, 13, 'Великие Мосты', '3257'),
(310, 6, 'Великие низгорцы', '4143'),
(311, 20, 'Великие проходы', '572'),
(312, 17, 'Великий алексин', '362'),
(313, 7, 'Великий Березный', '3135'),
(314, 20, 'Великий Бурлук', '5752'),
(315, 7, 'Великий Бычков', '3132'),
(316, 19, 'Великий Глубочек', '352'),
(317, 17, 'Великий житин', '362'),
(318, 25, 'Великий кучуров', '3735'),
(319, 13, 'Великий Любень', '3231'),
(320, 2, 'Великий мытник', '43388'),
(321, 3, 'Великий омеляник', '3322'),
(322, 15, 'Великодолинское', '4851'),
(323, 13, 'Великое колодно', '3254'),
(324, 13, 'Великоселки', '3254'),
(325, 12, 'Великоцк', '6465'),
(326, 11, 'Вельшанка', ''),
(327, 2, 'Вендичаны', '4337'),
(328, 10, 'Веприк', ''),
(329, 22, 'Вербка', '4332'),
(330, 4, 'Вербки', '5672'),
(331, 11, 'Верблюжка', '5241'),
(332, 9, 'Вербовец', '3478'),
(333, 23, 'Вербовец', '4742'),
(334, 12, 'Вергулевка', '6563'),
(335, 23, 'Вергуны', '472'),
(336, 17, 'Вересневое', '362'),
(337, 6, 'Вересы', '412'),
(338, 24, 'Вертиевка', '4631'),
(339, 4, 'Верхнеднепровск', '5658'),
(340, 7, 'Верхнее водяное', '3122'),
(341, 13, 'Верхнее синевидное', '3251'),
(342, 1, 'Верхнесадовое', '692'),
(343, 21, 'Верхние серогозы', '5540'),
(344, 21, 'Верхний Рогачик', '5545'),
(345, 9, 'Верхний струтинь', '3474'),
(346, 8, 'Верхний токмак первый', '6140'),
(347, 23, 'Верхнячка', '4745'),
(348, 8, 'Верхняя криница', '6175'),
(349, 18, 'Верхняя сыроватка', '542'),
(350, 17, 'Верхов', '03654'),
(351, 9, 'Верховина', '3432'),
(352, 4, 'Верховцево', ''),
(353, 14, 'Веселиново', '5163'),
(354, 8, 'Веселое', '6136'),
(355, 21, 'Веселое', '4330'),
(356, 4, 'Веселое', '564'),
(357, 14, 'Весняное', '512'),
(358, 25, 'Виженка', '3730'),
(359, 25, 'Вижница', '3730'),
(360, 15, 'Визирка', '4855'),
(361, 1, 'Вилино', '6554'),
(362, 15, 'Вилково', '4843'),
(363, 2, 'Вилы', '4348'),
(364, 23, 'Вильховец', '4740'),
(365, 13, 'Винники', '322'),
(366, 13, 'Винники', '3244'),
(367, 2, 'Винница', '432'),
(368, 10, 'Винницкие ставы', '4471'),
(369, 2, 'Винницкие хутора', '432'),
(370, 1, 'Виноградное', '654'),
(371, 7, 'Виноградов', '3143'),
(372, 22, 'Виньковцы', '3846'),
(373, 10, 'Вита-почтовая', '44'),
(374, 1, 'Витино', '6563'),
(375, 11, 'Витязевка', '6562'),
(376, 19, 'Вишневец', '3550'),
(377, 4, 'Вишневое', '5651'),
(378, 10, 'Вишневое', '4498'),
(379, 12, 'Вишневое', ''),
(380, 22, 'Вишневчик', '3859'),
(381, 3, 'Владимир-Волынский', '3342'),
(382, 17, 'Владимирец', '3634'),
(383, 17, 'Владимирец', '3634'),
(384, 20, 'Владимировка', '5756'),
(385, 5, 'Владимировка', '6214'),
(386, 11, 'Владимировка', '5233'),
(387, 11, 'Владимировка', '5235'),
(388, 8, 'Владимировское', '612'),
(389, 11, 'Власовка', '5236'),
(390, 7, 'Водица', '3122'),
(391, 14, 'Вознесенск', '5134'),
(392, 23, 'Вознесенское', '4737'),
(393, 1, 'Войково', '6557'),
(394, 11, 'Войновка', '5251'),
(395, 11, 'Войновка', '5235'),
(396, 2, 'Войтовка', ''),
(397, 12, 'Войтово', '6472'),
(398, 22, 'Войтовцы', '4337'),
(399, 22, 'Волковинцы', '4344'),
(400, 5, 'Волноваха', '6244'),
(401, 7, 'Воловец', '3136'),
(402, 10, 'Володарка', '4469'),
(403, 12, 'Володарск', '6434'),
(404, 6, 'Володарск-Волынский', '4145'),
(405, 5, 'Володарское', '6246'),
(406, 4, 'Волосское', '562'),
(407, 22, 'Волочиск', '3845'),
(408, 20, 'Волчанск', '5741'),
(409, 9, 'Волчинец', '3422'),
(410, 9, 'Волчковцы', '3476'),
(411, 4, 'Вольногорск', '5653'),
(412, 4, 'Вольное', '564'),
(413, 8, 'Вольнянск', '6143'),
(414, 13, 'Воля-бартатовская', '3231'),
(415, 13, 'Воля-высоцкая', '3252'),
(416, 3, 'Воля-ковельская', '3352'),
(417, 10, 'Ворзель', '4497'),
(418, 18, 'Ворожба', '5443'),
(419, 18, 'Воронеж', '5449'),
(420, 9, 'Воронов', '3430'),
(421, 25, 'Вороновица', '3732'),
(422, 2, 'Вороновица', '432'),
(423, 13, 'Вороняки', '3265'),
(424, 9, 'Ворохта', '3434'),
(425, 14, 'Воскресенск', '0512'),
(426, 1, 'Восход', '654'),
(427, 14, 'Врадиевка', '5135'),
(428, 3, 'Всеволодовка', '3322'),
(429, 13, 'Вузлове', ''),
(430, 13, 'Выбрановка', '3239'),
(431, 9, 'Выгода', '3477'),
(432, 15, 'Выгода', '4852'),
(433, 4, 'Выдвиженец', '5612'),
(434, 7, 'Вылок', '3143'),
(435, 20, 'Высокий', '572'),
(436, 8, 'Высокогорное', '612'),
(437, 21, 'Высокополье', '5535'),
(438, 17, 'Высоцк', '3658'),
(439, 4, 'Высшетарасовка', '5668'),
(440, 10, 'Вышгород', '4496'),
(441, 6, 'Вышевичи', '04132'),
(442, 2, 'Вышеольчедаев', '4356'),
(443, 7, 'Вышково', '3142'),
(444, 18, 'Вязовое', '5446'),
(445, 21, 'Гавриловка', '5533'),
(446, 9, 'Гавриловка', '3475'),
(447, 2, 'Гавришовка', '432'),
(448, 16, 'Гадяч', '5354'),
(449, 21, 'Гаевое', '5534'),
(450, 11, 'Гайворон', '5254'),
(451, 2, 'Гайсин', '4334'),
(452, 9, 'Галич', '3431'),
(453, 16, 'Галяво', '5340'),
(454, 7, 'Ганичи', '3134'),
(455, 6, 'Ганнополь', '04149'),
(456, 23, 'Гарбузин', '4735'),
(457, 1, 'Гаспра', '654'),
(458, 10, 'Гатное', ''),
(459, 4, 'Гвардейское', '5612'),
(460, 1, 'Гвардейское', '652'),
(461, 22, 'Гвардейское', '3822'),
(462, 9, 'Гвоздец', '3433'),
(463, 23, 'Гельмязов', ''),
(464, 21, 'Гениченская горка', '5534'),
(465, 21, 'Геническ', '5534'),
(466, 5, 'Георгиевка', '6212'),
(467, 18, 'Герасимовка', '5448'),
(468, 1, 'Геройское', '6563'),
(469, 23, 'Геронимовка', '472'),
(470, 25, 'Герца', '3734'),
(471, 9, 'Герыня', '3477'),
(472, 10, 'Глеваха', '4471'),
(473, 25, 'Глинница', '3736'),
(474, 13, 'Глиняны', ''),
(475, 16, 'Глобино', '5365'),
(476, 12, 'Глубокий', '6443'),
(477, 7, 'Глубокий поток', '3134'),
(478, 6, 'Глубочица', '412'),
(479, 18, 'Глухов', '5444'),
(480, 2, 'Глуховцы', '4342'),
(481, 25, 'Глыбокая', '3734'),
(482, 24, 'Гнединцы', '4636'),
(483, 2, 'Гнивань', '4355'),
(484, 10, 'Гнидын', '4495'),
(485, 19, 'Гнилички', '3543'),
(486, 10, 'Гоголев', '4494'),
(487, 16, 'Гоголево', '5345'),
(488, 16, 'Гожулы', '5322'),
(489, 21, 'Голая Пристань', '5539'),
(490, 3, 'Голобы', '3352'),
(491, 11, 'Голованевск', '5252'),
(492, 6, 'Головино', '4134'),
(493, 11, 'Головковка', '5235'),
(494, 22, 'Головчинцы', '3857'),
(495, 4, 'Голубовка', '5612'),
(496, 1, 'Голубой Залив', '654'),
(497, 2, 'Гоноривка', '4336'),
(498, 20, 'Гонтов яр', '5763'),
(499, 16, 'Горбаневка', '5322'),
(500, 10, 'Горенка', '44'),
(501, 13, 'Горишний', '3230'),
(502, 5, 'Горловка', '6242'),
(503, 13, 'Горное', '3245'),
(504, 5, 'Горное', '6275'),
(505, 21, 'Горностаевка', '5544'),
(506, 11, 'Горный', '0522'),
(507, 13, 'Горняк', '3249'),
(508, 5, 'Горняк', '6237'),
(509, 5, 'Горняцкое', '6256'),
(510, 9, 'Городенка', '3430'),
(511, 23, 'Городище', '4734'),
(512, 10, 'Городище-Пустоваровка', '269'),
(513, 2, 'Городковка', '4340'),
(514, 6, 'Городница', '4141'),
(515, 24, 'Городня', '4645'),
(516, 3, 'Городок', '3376'),
(517, 17, 'Городок', '362'),
(518, 22, 'Городок', '3851'),
(519, 13, 'Городок', '3231'),
(520, 7, 'Горонглаб', '3141'),
(521, 3, 'Горохов', '3379'),
(522, 14, 'Гороховка', '512'),
(523, 12, 'Горское', '6455'),
(524, 6, 'Горщик', '4142'),
(525, 3, 'Горькая полонка', '3322'),
(526, 4, 'Горького', '562'),
(527, 11, 'Гостинное', '6556'),
(528, 13, 'Гостинцово', '3234'),
(529, 10, 'Гостомель', '4497'),
(530, 17, 'Гоща', '3650'),
(531, 13, 'Грабовец', '3245'),
(532, 16, 'Градижск', '5365'),
(533, 5, 'Гранитное', '6279'),
(534, 17, 'Гранитное', '3655'),
(535, 4, 'Гранитное', '5656'),
(536, 16, 'Гребенка', '5359'),
(537, 10, 'Гребенки', '4471'),
(538, 13, 'Гребенов', '3251'),
(539, 7, 'Гребля', '3144'),
(540, 15, 'Григоровка', '4855'),
(541, 10, 'Григорьевка', '272'),
(542, 19, 'Гримайлов', '3557'),
(543, 22, 'Грицев', '3840'),
(544, 5, 'Гришино', ''),
(545, 6, 'Гришковцы', '4143'),
(546, 6, 'Грозино', '4142'),
(547, 22, 'Грузевица', '3822'),
(548, 4, 'Грузское', '564'),
(549, 7, 'Грушево', '3134'),
(550, 11, 'Грушка', '5259'),
(551, 22, 'Грушка', '4332'),
(552, 1, 'Грэсовский', '652'),
(553, 13, 'Гряда', '3252'),
(554, 18, 'Грязное', '5446'),
(555, 4, 'Губиниха', '5612'),
(556, 6, 'Гуйва', '4122'),
(557, 6, 'Гульск', '4141'),
(558, 8, 'Гуляйполе', '6145'),
(559, 22, 'Гуменцы', '4332'),
(560, 4, 'Гупаловка', '5611'),
(561, 1, 'Гурзуф', '654'),
(562, 10, 'Гуровщина', '44'),
(563, 19, 'Гусятин', '3557'),
(564, 20, 'Гуты', '5758'),
(565, 22, 'Давыдковцы', '3822'),
(566, 13, 'Давыдов', '3230'),
(567, 1, 'Далекое', '6558'),
(568, 24, 'Даниловка', '4644'),
(569, 21, 'Дарьевка', '4331'),
(570, 20, 'Дачное', '5747'),
(571, 13, 'Дашава', '3245'),
(572, 2, 'Дашев', '4345'),
(573, 2, 'Дашев', '4345'),
(574, 16, 'Дашковка', '5343'),
(575, 23, 'Дашуковка', '4749'),
(576, 20, 'Двуречная', '5750'),
(577, 5, 'Дебальцево', '6249'),
(578, 11, 'Девичье поле', '5235'),
(579, 4, 'Девладово', '5650'),
(580, 3, 'Дедычи', '3365'),
(581, 7, 'Деловое', '03132'),
(582, 9, 'Делятин', '3475'),
(583, 10, 'Демидов', '44'),
(584, 17, 'Демидовка', '3637'),
(585, 9, 'Демьянов', '3431'),
(586, 10, 'Дениховка', '260'),
(587, 23, 'Деньги', ''),
(588, 17, 'Деражное', '3657'),
(589, 22, 'Деражня', '3856'),
(590, 20, 'Дергачи', '5763'),
(591, 2, 'Деребчин', '4344'),
(592, 11, 'Дериевка', '5258'),
(593, 3, 'Дерно', '3365'),
(594, 1, 'Джанкой', '6564'),
(595, 2, 'Джурин', '4344'),
(596, 9, 'Джуров', '3476'),
(597, 9, 'Дзвиняч', '3471'),
(598, 23, 'Дзензеловка', ''),
(599, 6, 'Дзержинск', '4146'),
(600, 5, 'Дзержинск', '6247'),
(601, 12, 'Дзержинский', '6433'),
(602, 12, 'Дзержинское', '642'),
(603, 15, 'Дзинилор', '4843'),
(604, 2, 'Дзыговка', '4336'),
(605, 7, 'Диброва', '3134'),
(606, 10, 'Диброва', '4471'),
(607, 16, 'Диканька', '5351'),
(608, 5, 'Димитров', '6239'),
(609, 11, 'Димитрово', '5235'),
(610, 10, 'Дмитровка', '44'),
(611, 24, 'Дмитровка', '4635'),
(612, 4, 'Дмитровка', '5671'),
(613, 1, 'Днепровка', '6564'),
(614, 4, 'Днепровское', '5618'),
(615, 4, 'Днепродзержинск', '5692'),
(616, 4, 'Днепропетровск', '56'),
(617, 8, 'Днепрорудное', '6175'),
(618, 21, 'Днепряны', '4332'),
(619, 11, 'Добровеличковка', '5253'),
(620, 9, 'Добровляны', '3472'),
(621, 1, 'Доброе', '652'),
(622, 13, 'Добромиль', ''),
(623, 5, 'Доброполье', '6277'),
(624, 13, 'Добротвор', '3254'),
(625, 24, 'Добрянка', '4641'),
(626, 7, 'Добрянское', '3134'),
(627, 13, 'Добряны', '3245'),
(628, 6, 'Довбыш', '4144'),
(629, 10, 'Довгалевское', '4462'),
(630, 22, 'Довжок', '4332'),
(631, 5, 'Докучаевск', '6275'),
(632, 7, 'Долгое', '3144'),
(633, 19, 'Должанка', '352'),
(634, 6, 'Должик', '412'),
(635, 5, 'Долина', ''),
(636, 9, 'Долина', '3477'),
(637, 5, 'Долиновка', '6212'),
(638, 11, 'Долинская', '5234'),
(639, 8, 'Долинское', '612'),
(640, 9, 'Долишнее залучье', '3476'),
(641, 14, 'Доманевка', '5152'),
(642, 5, 'Донецк', '62'),
(643, 5, 'Донецкое', ''),
(644, 5, 'Донское', '6244'),
(645, 1, 'Донское', ''),
(646, 5, 'Дорожное', ''),
(647, 10, 'Дослидницкое', '4471'),
(648, 4, 'Дослидное', '562'),
(649, 23, 'Драбов', '4738'),
(650, 23, 'Драбово-барятинское', '4738'),
(651, 7, 'Драгово', '3142'),
(652, 9, 'Драгомирчаны', '3436'),
(653, 5, 'Дробышево', '6261'),
(654, 13, 'Дрогобыч', '3244'),
(655, 19, 'Дружба', '3551'),
(656, 18, 'Дружба', '5456'),
(657, 6, 'Дружба', '4135'),
(658, 8, 'Дружелюбовка', '6143'),
(659, 5, 'Дружковка', '6267'),
(660, 9, 'Дуба', '3474'),
(661, 3, 'Дубечно', '3346'),
(662, 23, 'Дубиевка', '472'),
(663, 13, 'Дубина', '3251'),
(664, 13, 'Дубляны', '3252'),
(665, 13, 'Дубляны', '3236'),
(666, 17, 'Дубно', '3656'),
(667, 7, 'Дубовое', '3134'),
(668, 3, 'Дубовое', '3352'),
(669, 12, 'Дубовский', '6431'),
(670, 9, 'Дубовцы', '3431'),
(671, 18, 'Дубовязовка', '5447'),
(672, 7, 'Дубриничи', '3145'),
(673, 17, 'Дубровица', '3658'),
(674, 17, 'Дубы', '362'),
(675, 13, 'Дулибы', '3245'),
(676, 7, 'Дулово', '3134'),
(677, 22, 'Дунаевцы', '3858'),
(678, 22, 'Дунаевцы', '4336'),
(679, 7, 'Дыйда', '3141'),
(680, 10, 'Дымер', '4496'),
(681, 1, 'Евпатория', '6569'),
(682, 9, 'Езуполь', '3436'),
(683, 14, 'Еланец', '5159'),
(684, 11, 'Елизаветградка', '5242'),
(685, 4, 'Елизарово', '5616'),
(686, 6, 'Емильчино', '4149'),
(687, 5, 'Енакиево', '6252'),
(688, 23, 'Ерки', '4742'),
(689, 12, 'Есауловка', ''),
(690, 2, 'Жабелевка', '432'),
(691, 3, 'Жабка', '3365'),
(692, 23, 'Жашков', '4747'),
(693, 22, 'Жванец', '4332'),
(694, 13, 'Жвирка', '3257'),
(695, 5, 'Ждановка', '6255'),
(696, 2, 'Ждановка', '43388'),
(697, 4, 'Жданово', '5616'),
(698, 7, 'Ждениево', '3136'),
(699, 4, 'Желтые Воды', '5652'),
(700, 1, 'Желябовка', '6550'),
(701, 15, 'Жеребково', '4863'),
(702, 13, 'Жидачев', '3239'),
(703, 6, 'Житомир', '412'),
(704, 2, 'Жмеринка', '4332'),
(705, 18, 'Жовтневое', '5447'),
(706, 16, 'Жовтневое', '5363'),
(707, 10, 'Жовтневое', '4467'),
(708, 18, 'Жовтневое', '5443'),
(709, 21, 'Жовтневое', ''),
(710, 3, 'Жовтневое', '3344'),
(711, 17, 'Жовтневое', '3654'),
(712, 13, 'Жолква', '3252'),
(713, 13, 'Жолква', '3252'),
(714, 13, 'Жулин', '3245'),
(715, 3, 'Журавичи', '3365'),
(716, 1, 'Журавки', '6555'),
(717, 2, 'Журавлевка', '4335'),
(718, 9, 'Заболотов', '3476'),
(719, 3, 'Забороль', '3322'),
(720, 11, 'Завалье', '4865'),
(721, 9, 'Завалье', '3476'),
(722, 7, 'Завидово', '3131'),
(723, 19, 'Заводское', '3552'),
(724, 9, 'Завой', '3472'),
(725, 9, 'Загвоздье', '3422'),
(726, 15, 'Загнитков', '4867'),
(727, 13, 'Загорное', '3245'),
(728, 7, 'Задельское', '3136'),
(729, 9, 'Заднестрянск', '3431'),
(730, 10, 'Зазимье', '4494'),
(731, 22, 'Закупное', '3859'),
(732, 3, 'Залесочье', '3365'),
(733, 19, 'Залещики', '3554'),
(734, 16, 'Зализничное', '532'),
(735, 8, 'Зализничное', '6145'),
(736, 21, 'Зализный порт', '5539'),
(737, 19, 'Зализцы', '3540'),
(738, 24, 'Замглай', '4641'),
(739, 3, 'Замличи', '3374'),
(740, 5, 'Заможное', '6279'),
(741, 1, 'Заозерное', '6569'),
(742, 8, 'Запорожье', '61'),
(743, 13, 'Запытов', '3254'),
(744, 2, 'Зарванцы', '432'),
(745, 6, 'Заречаны', '412'),
(746, 17, 'Заречное', '3632'),
(747, 3, 'Заречье', '3342'),
(748, 3, 'Заречье', '3352'),
(749, 25, 'Зарожаны', '37312'),
(750, 17, 'Заря', '362'),
(751, 5, 'Заря', '6272'),
(752, 25, 'Заставна', '3737'),
(753, 19, 'Застеночное', '3551'),
(754, 16, 'Засулье', '5361'),
(755, 15, 'Затишье', '4860'),
(756, 15, 'Затока', '4849'),
(757, 20, 'Зачепиловка', '5761'),
(758, 19, 'Збараж', '3550'),
(759, 19, 'Зборов', '3540'),
(760, 23, 'Звенигородка', '4740'),
(761, 10, 'Згуровка', '4470'),
(762, 17, 'Здолбунов', '36522'),
(763, 3, 'Зеленая', '3352'),
(764, 4, 'Зеленодольск', '5655'),
(765, 18, 'Зеленый гай', '542'),
(766, 13, 'Зелив', '3259'),
(767, 16, 'Зеньков', '5353'),
(768, 16, 'Зеньков', '5353'),
(769, 20, 'Зидьки', '5747'),
(770, 13, 'Зимняя Вода', '322'),
(771, 12, 'Зимогорье', '6473'),
(772, 22, 'Зиньков', '43388'),
(773, 17, 'Зирне', '03653'),
(774, 4, 'Златоустовка', '564'),
(775, 20, 'Змиев', '5747'),
(776, 3, 'Змиенец', '3322'),
(777, 11, 'Знаменка', '5233'),
(778, 7, 'Зняцево', '3131'),
(779, 11, 'Золотаревка', '5236'),
(780, 19, 'Золотники', '3551'),
(781, 12, 'Золотое', '6455'),
(782, 19, 'Золотой Поток', '3544'),
(783, 23, 'Золотоноша', '4737'),
(784, 20, 'Золочев', '5764'),
(785, 13, 'Золочев', '3265'),
(786, 12, 'Зоринск', '6441'),
(787, 13, 'Зоротовичи', '3238'),
(788, 13, 'Зубра', '3230'),
(789, 5, 'Зугрэс', '6257'),
(790, 1, 'Зуя', '6559'),
(791, 19, 'Иване-пусте', '3541'),
(792, 3, 'Иваничи', '3372'),
(793, 10, 'Иванков', '4495'),
(794, 10, 'Иванков', '4491'),
(795, 25, 'Иванковцы', '3736'),
(796, 11, 'Ивано-Благодатное', ''),
(797, 13, 'Ивано-франково', '3259'),
(798, 9, 'Ивано-Франковск', '342'),
(799, 4, 'Ивано-яризовка', '5610'),
(800, 2, 'Иванов', '4333'),
(801, 6, 'Ивановка', '412'),
(802, 21, 'Ивановка', '4331'),
(803, 12, 'Ивановка', '6431'),
(804, 21, 'Ивановка', '5531'),
(805, 15, 'Ивановка', '4854'),
(806, 9, 'Ивановка', '3474'),
(807, 25, 'Ивановцы', '3732'),
(808, 6, 'Иванополь', '4139'),
(809, 5, 'Иванополье', '6272'),
(810, 17, 'Иванчи', '3634'),
(811, 3, 'Иванычи', '3372'),
(812, 23, 'Иваньки', '4748'),
(813, 6, 'Ивашковка', '4141'),
(814, 7, 'Иза', '3142'),
(815, 15, 'Измаил', '4841'),
(816, 20, 'Изюм', '5743'),
(817, 22, 'Изяслав', '3852'),
(818, 4, 'Илларионово', '5615'),
(819, 2, 'Иллинцы', ''),
(820, 5, 'Иловайск', '6275'),
(821, 2, 'Ильинцы', '4345'),
(822, 5, 'Ильича', '6272'),
(823, 15, 'Ильичевка', ''),
(824, 15, 'Ильичевск', '4868'),
(825, 5, 'Ильичовское', '6297'),
(826, 7, 'Ильница', '3144'),
(827, 4, 'Ингулец', '564'),
(828, 4, 'Ингулец', '5657'),
(829, 1, 'Инкерман', '692'),
(830, 2, 'Иосиповка', '4342'),
(831, 23, 'Ирклиев', '4739'),
(832, 10, 'Ирпень', '4497'),
(833, 7, 'Иршава', '3144'),
(834, 6, 'Иршанск', '4145'),
(835, 15, 'Исаево', '4857'),
(836, 25, 'Испас', '3730'),
(837, 24, 'Ичня', '4633'),
(838, 6, 'Йосиповка', ''),
(839, 10, 'Йосиповка', '4463'),
(840, 14, 'Кавуны', '5132'),
(841, 10, 'Кагарлык', '4473'),
(842, 14, 'Казанка', '5151'),
(843, 2, 'Казатин', '4342'),
(844, 21, 'Казацкое', '4330'),
(845, 21, 'Казачьи лагеря', '5542'),
(846, 20, 'Казачья Лопань', '5763'),
(847, 16, 'Калайдинцы', '5361'),
(848, 11, 'Калантаев', '5236'),
(849, 21, 'Каланчак', '5530'),
(850, 21, 'Калининское', '4349'),
(851, 13, 'Калинов', '3236'),
(852, 1, 'Калиновка', '6557'),
(853, 10, 'Калиновка', '4478'),
(854, 10, 'Калиновка', '4471'),
(855, 2, 'Калиновка', '4333'),
(856, 10, 'Калиновка', '4494'),
(857, 8, 'Калиновка', '6136'),
(858, 2, 'Калиновка вторая', '4333'),
(859, 7, 'Калины', '3134'),
(860, 10, 'Калита', '4494'),
(861, 11, 'Калмазово', '654'),
(862, 9, 'Калуш', '3472'),
(863, 11, 'Камбурлиевка', '5258'),
(864, 22, 'Каменец-Подольский', '3849'),
(865, 7, 'Каменица', '3122'),
(866, 4, 'Каменка', '5650'),
(867, 22, 'Каменка', '4332'),
(868, 23, 'Каменка', '4732'),
(869, 13, 'Каменка-Бугская', '3254'),
(870, 8, 'Каменка-Днепровская', '6138'),
(871, 2, 'Каменногорка', '4345'),
(872, 6, 'Каменный брод', '4241'),
(873, 6, 'Каменный Брод', '4144'),
(874, 11, 'Каменный мост', '5251'),
(875, 14, 'Каменный Мост', '5161'),
(876, 1, 'Каменоломня', '6569'),
(877, 4, 'Каменское', '5662'),
(878, 3, 'Камень-Каширский', '3357'),
(879, 8, 'Камыш-Заря', '6147'),
(880, 21, 'Камышаны', ''),
(881, 8, 'Камышеваха', '6141'),
(882, 16, 'Камышня', '5355'),
(883, 7, 'Камянское', '03144'),
(884, 23, 'Канев', '4736'),
(885, 8, 'Каневское', '612'),
(886, 11, 'Капитановка', '5256'),
(887, 20, 'Капитоловка', '5743'),
(888, 2, 'Капустин', '4343'),
(889, 16, 'Карловка', '5346'),
(890, 15, 'Каролино-бугаз', '4851'),
(891, 12, 'Карпаты', '6441'),
(892, 21, 'Карьерное', '4349'),
(893, 1, 'Карьерное', '6563'),
(894, 11, 'Катериновка', '522'),
(895, 5, 'Катериновка', '6212'),
(896, 23, 'Катеринополь', '4742'),
(897, 21, 'Каховка', '5536'),
(898, 1, 'Кацивели', '654'),
(899, 1, 'Кача', '692'),
(900, 10, 'Кашперовка', '4460'),
(901, 17, 'Квасилов', '362'),
(902, 7, 'Квасы', '3122'),
(903, 20, 'Кегичевка', '5755'),
(904, 25, 'Кельменцы', '3732'),
(905, 7, 'Кендерешов', '3131'),
(906, 1, 'Керчь', '6561'),
(907, 3, 'Киверцы', '3365'),
(908, 10, 'Киев', '44'),
(909, 24, 'Киенка', '4622'),
(910, 15, 'Килия', '4843'),
(911, 4, 'Кильчень', '5612'),
(912, 6, 'Кирданы', '4148'),
(913, 18, 'Кириковка', '5457'),
(914, 8, 'Кирилловка', '6131'),
(915, 2, 'Кирнасивка', '4335'),
(916, 4, 'Кировка', '564'),
(917, 11, 'Кировоград', '522'),
(918, 12, 'Кировск', '6446'),
(919, 4, 'Кировское', '562'),
(920, 1, 'Кировское', '6555'),
(921, 5, 'Кировское', '6250'),
(922, 25, 'Киселев', '3736'),
(923, 23, 'Киселевка', '4742'),
(924, 20, 'Кисели', '5748'),
(925, 25, 'Кицмань', '3736'),
(926, 6, 'Кишин', '4135'),
(927, 3, 'Кияж', '3368'),
(928, 18, 'Кияница', '5422'),
(929, 18, 'Кияница', '5454'),
(930, 10, 'Клавдиево-Тарасово', '4477'),
(931, 17, 'Клевань', '362'),
(932, 2, 'Клембовка', '4336'),
(933, 22, 'Клембовка', '3852'),
(934, 6, 'Кленовая', '4141'),
(935, 7, 'Кленовец', '3131'),
(936, 5, 'Кленовка', ''),
(937, 12, 'Кленовый', '6433'),
(938, 17, 'Клесов', '3655'),
(939, 6, 'Клетчин', '412'),
(940, 22, 'Климашовка', '3822'),
(941, 11, 'Клинцы', '6565'),
(942, 25, 'Клишковцы', '3731'),
(943, 7, 'Ключарки', '3131'),
(944, 9, 'Княжелука', '3477'),
(945, 10, 'Княжичи', '4494'),
(946, 22, 'Княжполь', '4332'),
(947, 16, 'Кобеляки', '5343'),
(948, 14, 'Коблево', '05153'),
(949, 7, 'Кобылецкая поляна', '3122'),
(950, 16, 'Ковалевка', '5322'),
(951, 9, 'Ковалевка', '3433'),
(952, 2, 'Ковалевка', '4331'),
(953, 3, 'Ковель', '3352'),
(954, 24, 'Ковпыта', '4622'),
(955, 20, 'Ковшаровка', '5742'),
(956, 20, 'Ковяги', '5753'),
(957, 10, 'Кодра', '4478'),
(958, 15, 'Кодыма', '4867'),
(959, 10, 'Кожанка', '265'),
(960, 8, 'Коза', '6153'),
(961, 24, 'Козелец', '4646'),
(962, 16, 'Козельщина', '5342'),
(963, 17, 'Козин', '3633'),
(964, 10, 'Козин', '4472'),
(965, 19, 'Козлов', '3547'),
(966, 19, 'Козова', '3547'),
(967, 2, 'Козятин', '4342'),
(968, 1, 'Коктебель', '06562'),
(969, 14, 'Коларовка', '512'),
(970, 3, 'Колки', '3376'),
(971, 17, 'Колоденка', '362'),
(972, 23, 'Колодистое', '4744'),
(973, 20, 'Коломак', '5766'),
(974, 9, 'Коломыя', '3433'),
(975, 7, 'Колочава', '3146'),
(976, 24, 'Колычовка', '4622'),
(977, 7, 'Кольчино', '3131'),
(978, 1, 'Кольчугино', '652'),
(979, 13, 'Комарно', '3231'),
(980, 25, 'Комаровцы', '3735'),
(981, 23, 'Коминтерн', '4739'),
(982, 15, 'Коминтерновское', '4855'),
(983, 12, 'Комиссаровка', '6441'),
(984, 21, 'Коммуна', '5539'),
(985, 20, 'Коммунар', '572'),
(986, 20, 'Коммунар', '572'),
(987, 11, 'Компанеевка', '5240'),
(988, 16, 'Комсомольск', '5348'),
(989, 20, 'Комсомольский', ''),
(990, 20, 'Комсомольское', '5747'),
(991, 5, 'Комсомольское', '6253'),
(992, 1, 'Комсомольское', '652'),
(993, 5, 'Кондратовка', '6272'),
(994, 23, 'Кононовка', '4738'),
(995, 13, 'Конопница', '3230'),
(996, 18, 'Конотоп', '5447'),
(997, 8, 'Константиновка', '6142'),
(998, 14, 'Константиновка', '5132'),
(999, 17, 'Константиновка', '3655'),
(1000, 5, 'Константиновка', '6272'),
(1001, 11, 'Константиновка', '5256'),
(1002, 20, 'Константиновка', '5756'),
(1003, 2, 'Копайгород', '4341'),
(1004, 16, 'Копылы', '5322'),
(1005, 22, 'Копыстин', '3822'),
(1006, 19, 'Копычинцы', '3557'),
(1007, 19, 'Копычинцы', '3557'),
(1008, 2, 'Корделевка', '4333'),
(1009, 1, 'Кореиз', '654'),
(1010, 17, 'Корец', '3651'),
(1011, 19, 'Коржова', '3555'),
(1012, 6, 'Корнин', '4137'),
(1013, 17, 'Корнин', '362'),
(1014, 9, 'Корнич', '3433'),
(1015, 13, 'Корничи', '3236'),
(1016, 21, 'Коробки', '5536'),
(1017, 20, 'Коробочкино', '5746'),
(1018, 25, 'Коровия', '3734'),
(1019, 9, 'Королевка', '3433'),
(1020, 10, 'Королевка', '4478'),
(1021, 7, 'Королево', '3143'),
(1022, 24, 'Короп', '4656'),
(1023, 19, 'Коропец', '3555'),
(1024, 13, 'Коропуж', '3231'),
(1025, 6, 'Коростень', '4142'),
(1026, 13, 'Коростов', '3251'),
(1027, 6, 'Коростышев', '4130'),
(1028, 20, 'Коротыч', '572'),
(1029, 21, 'Корсунка', '4332'),
(1030, 23, 'Корсунь-Шевченковский', '4735'),
(1031, 13, 'Корчев', '3257'),
(1032, 22, 'Корчевка', '4332'),
(1033, 17, 'Корысть', '3651'),
(1034, 25, 'Корытное', '3730'),
(1035, 24, 'Корюковка', '4657'),
(1036, 19, 'Косов', '3552'),
(1037, 9, 'Косов', '3478'),
(1038, 11, 'Косовка', '5235'),
(1039, 7, 'Косовская поляна', '3122'),
(1040, 7, 'Косонь', '03141'),
(1041, 25, 'Костинцы', '3735'),
(1042, 17, 'Костополь', '3657'),
(1043, 25, 'Кострижевка', '3737'),
(1044, 16, 'Котельва', '5350'),
(1045, 17, 'Котов', '362'),
(1046, 15, 'Котовка', '4852'),
(1047, 6, 'Котовка', '4136'),
(1048, 15, 'Котовск', '4862'),
(1049, 10, 'Коцюбинское', '4497'),
(1050, 3, 'Коцюры', '3377'),
(1051, 6, 'Кочеров', '4232'),
(1052, 20, 'Кочеток', '5746'),
(1053, 6, 'Кошелевка', '4231'),
(1054, 13, 'Краковец', '3259'),
(1055, 5, 'Краматорск', '6264'),
(1056, 24, 'Крапивное', '4631'),
(1057, 6, 'Крапивня', '4145'),
(1058, 6, 'Крапивня', '4130'),
(1059, 22, 'Красилов', '3855'),
(1060, 10, 'Красиловка', '4494'),
(1061, 5, 'Красная поляна', '06243'),
(1062, 5, 'Красноармейск', '6239'),
(1063, 4, 'Красногвардейский', '0562'),
(1064, 1, 'Красногвардейское', '6551'),
(1065, 1, 'Красногвардейское', '6556'),
(1066, 6, 'Красногорка', '4139'),
(1067, 5, 'Красногоровка', ''),
(1068, 5, 'Красногоровка', '6278'),
(1069, 20, 'Красноград', '5744'),
(1070, 12, 'Краснодон', '6435'),
(1071, 24, 'Красное', '4622'),
(1072, 14, 'Красное', '5153'),
(1073, 10, 'Красное', '4463'),
(1074, 13, 'Красное', '3264'),
(1075, 5, 'Красное', ''),
(1076, 2, 'Красное', ''),
(1077, 25, 'Красноильск', '3735'),
(1078, 1, 'Краснокаменка', '654'),
(1079, 20, 'Краснокутск', '5756'),
(1080, 12, 'Краснолучский', ''),
(1081, 20, 'Краснопавловка', '5745'),
(1082, 1, 'Красноперекопск', '6565'),
(1083, 6, 'Краснополь', '4139'),
(1084, 18, 'Краснополье', '5459'),
(1085, 12, 'Краснореченское', ''),
(1086, 22, 'Красноселка', '3854'),
(1087, 15, 'Красноселка', '4855'),
(1088, 2, 'Красноселка', '4352'),
(1089, 15, 'Красные Окны', '4861'),
(1090, 23, 'Красный Кут', '4747'),
(1091, 5, 'Красный Лиман', '6261'),
(1092, 12, 'Красный Луч', '6432'),
(1093, 5, 'Красный партизан', ''),
(1094, 19, 'Кременец', '3546'),
(1095, 19, 'Кременец', '3546'),
(1096, 12, 'Кременная', '6454'),
(1097, 16, 'Кременчуг', '5366'),
(1098, 23, 'Кременчуки', '3855'),
(1099, 15, 'Кремидовка', '4855'),
(1100, 12, 'Крепенский', '6431'),
(1101, 5, 'Крестище', ''),
(1102, 4, 'Кривбасс', '564'),
(1103, 14, 'Кривое Озеро', '5133'),
(1104, 4, 'Кривой Рог', '564'),
(1105, 1, 'Кримское', '6563'),
(1106, 4, 'Кринички', '5617'),
(1107, 15, 'Криничное', '4846'),
(1108, 9, 'Криховцы', '3422'),
(1109, 18, 'Кролевец', '5453'),
(1110, 16, 'Кротенки', '5322'),
(1111, 3, 'Крупа', '3322'),
(1112, 15, 'Крыжановка', '4855'),
(1113, 2, 'Крыжополь', '4340'),
(1114, 6, 'Крымок', '4232'),
(1115, 10, 'Крюковщина', ''),
(1116, 6, 'Ксаверов', '4133'),
(1117, 10, 'Ксаверовка', '4471'),
(1118, 17, 'Кузнецовск', '3636'),
(1119, 1, 'Куйбышево', '6554'),
(1120, 8, 'Куйбышево', '6147'),
(1121, 13, 'Куликов', '3252'),
(1122, 24, 'Куликовка', '4643'),
(1123, 20, 'Кулиничи', '572'),
(1124, 3, 'Кульчин', '3365'),
(1125, 14, 'Кумари', '5161'),
(1126, 22, 'Купин', '4351'),
(1127, 20, 'Купянск', '5742'),
(1128, 5, 'Кураховка', '6237'),
(1129, 5, 'Курахово', '06278'),
(1130, 5, 'Курдюмовка', '6247'),
(1131, 4, 'Куриловка', '5610'),
(1132, 20, 'Куриловка', '5742'),
(1133, 13, 'Куровичи', '3265'),
(1134, 1, 'Курпаты', '654'),
(1135, 3, 'Куснища', '3377'),
(1136, 17, 'Кустин', '362'),
(1137, 9, 'Куты', '3478'),
(1138, 24, 'Куты вторые', '4659'),
(1139, 7, 'Куштановица', '3131'),
(1140, 8, 'Кушугум', '612'),
(1141, 18, 'Куяновка', '5443'),
(1142, 24, 'Ладан', '4637'),
(1143, 24, 'Ладинка', '4622'),
(1144, 2, 'Ладыжин', '4343'),
(1145, 23, 'Ладыжинка', ''),
(1146, 16, 'Лазорки', '5357'),
(1147, 21, 'Лазурное', '5537'),
(1148, 7, 'Лазы', '3134'),
(1149, 15, 'Ланна', '4864'),
(1150, 16, 'Ланна.', '5346'),
(1151, 19, 'Лановцы', '3549'),
(1152, 9, 'Ланчин', '3475'),
(1153, 13, 'Лапаевка', '3230'),
(1154, 15, 'Ларжанка', '4841'),
(1155, 23, 'Лебедевка', '4732'),
(1156, 18, 'Лебедин', '5445'),
(1157, 20, 'Лебяжье', '5761'),
(1158, 25, 'Левинцы', '3732'),
(1159, 11, 'Лекаревка', '5235'),
(1160, 16, 'Лелюховка', '5344'),
(1161, 1, 'Ленино', '6557'),
(1162, 22, 'Ленковцы', '3840'),
(1163, 12, 'Лесная дача', '6452'),
(1164, 22, 'Лесовые гриневцы', '3822'),
(1165, 23, 'Леськи', '472'),
(1166, 22, 'Летичев', '3857'),
(1167, 10, 'Летки', '4494'),
(1168, 13, 'Лешня', '3244'),
(1169, 1, 'Ливадия', '654'),
(1170, 20, 'Лиман', '5747'),
(1171, 15, 'Лиманское', '4840'),
(1172, 14, 'Лиманы', '512'),
(1173, 24, 'Линовица', '4637'),
(1174, 7, 'Линцы', '3122'),
(1175, 3, 'Липины', '3322'),
(1176, 6, 'Липники', '4161'),
(1177, 11, 'Липняжка', '5253'),
(1178, 18, 'Липовая Долина', '5452'),
(1179, 2, 'Липовец', '4358'),
(1180, 2, 'Липовец', '4358'),
(1181, 10, 'Липовка', '4478'),
(1182, 20, 'Липцы', '572'),
(1183, 9, 'Лисец', '3436'),
(1184, 13, 'Лисиничи', '3230'),
(1185, 12, 'Лисичанск', '6451'),
(1186, 7, 'Лисичево', '3144'),
(1187, 2, 'Литин', '4347'),
(1188, 7, 'Лоза', '3144'),
(1189, 4, 'Лозоватка', '56'),
(1190, 20, 'Лозовая', '5745'),
(1191, 22, 'Лозовое', '3856'),
(1192, 12, 'Лозовский', '6473'),
(1193, 3, 'Локачи', '3374'),
(1194, 9, 'Лолин', '3477'),
(1195, 13, 'Лопатин', '03255'),
(1196, 9, 'Лопушня', '3435'),
(1197, 24, 'Лосиновка', '4631'),
(1198, 16, 'Лохвица', '5356'),
(1199, 16, 'Лубны', '5361'),
(1200, 12, 'Луганск', '642'),
(1201, 6, 'Лугины', '4161'),
(1202, 25, 'Лужаны', '3736'),
(1203, 6, 'Лужин', ''),
(1204, 10, 'Лука', '4466'),
(1205, 2, 'Лука- мелешковская', '432'),
(1206, 8, 'Лукашево', '612'),
(1207, 13, 'Луки', '3236'),
(1208, 3, 'Луков', '3263'),
(1209, 10, 'Лукьяновка', '04476'),
(1210, 8, 'Луначарское', '6153'),
(1211, 16, 'Лутовиновка', '5342'),
(1212, 12, 'Лутугино', '6436'),
(1213, 3, 'Луцк', '3322'),
(1214, 14, 'Луч', '512'),
(1215, 23, 'Лысянка', '4749'),
(1216, 3, 'Лыще', '3322'),
(1217, 13, 'Львов', '32'),
(1218, 6, 'Любар', '4147'),
(1219, 15, 'Любашевка', '4864'),
(1220, 24, 'Любеч', '4641'),
(1221, 3, 'Любешов', '3362'),
(1222, 21, 'Любимовка', '5536'),
(1223, 13, 'Любинцы', '3245'),
(1224, 3, 'Любитов', '3352'),
(1225, 3, 'Люблинец', '3352'),
(1226, 3, 'Любомль', '3377'),
(1227, 20, 'Люботин', '572'),
(1228, 13, 'Любша', '3239'),
(1229, 8, 'Люцерна', '6143'),
(1230, 13, 'Мавковичи', ''),
(1231, 4, 'Магдалиновка', '5611'),
(1232, 1, 'Мазанка', '652'),
(1233, 9, 'Майдан', '3436'),
(1234, 7, 'Майдан', '3146'),
(1235, 23, 'Майданец', '4731'),
(1236, 4, 'Майское', ''),
(1237, 10, 'Макаров', '4478'),
(1238, 5, 'Макеевка', '6232'),
(1239, 22, 'Маков', '4336'),
(1240, 24, 'Макошино', '4644'),
(1241, 11, 'Малая Виска', '5258'),
(1242, 20, 'Малая Даниловка', '5763'),
(1243, 7, 'Малая копаня', '3143'),
(1244, 18, 'Малая павловка', '5446'),
(1245, 20, 'Малая рогозянка', '5764'),
(1246, 10, 'Малая Снитынка', ''),
(1247, 10, 'Малая Супоевка', '04470'),
(1248, 6, 'Малая Токаровка', '04144'),
(1249, 8, 'Малая токмачка', '6141'),
(1250, 9, 'Малая турья', '3477'),
(1251, 13, 'Малехов', '3252'),
(1252, 6, 'Малин', '4133'),
(1253, 22, 'Малиничи', '3822'),
(1254, 5, 'Малиновка', ''),
(1255, 20, 'Малиновка', '5746'),
(1256, 15, 'Малодолинское', '4868'),
(1257, 8, 'Малокатериновка', '612'),
(1258, 21, 'Малокаховка', '5536'),
(1259, 1, 'Малореченское', '06560'),
(1260, 19, 'Малые Бережцы', '3546'),
(1261, 13, 'Малые Подлески', '03252'),
(1262, 7, 'Малый березный', '3135'),
(1263, 23, 'Малый бузуков', ''),
(1264, 1, 'Малый маяк', '6560'),
(1265, 2, 'Малый мытник', '43388'),
(1266, 17, 'Малый шпаков', '362'),
(1267, 13, 'Мальчицы', '3259'),
(1268, 25, 'Мамаевцы', '3736'),
(1269, 25, 'Мамалыга', '3733'),
(1270, 6, 'Мамрин', '4130'),
(1271, 5, 'Мангуш', '6297'),
(1272, 3, 'Маневичи', '3376'),
(1273, 20, 'Манченки', '572'),
(1274, 23, 'Маньковка', '4748'),
(1275, 4, 'Марганец', '5665'),
(1276, 25, 'Мариничи', '3738'),
(1277, 5, 'Мариуполь', '629'),
(1278, 12, 'Марковка', '6464'),
(1279, 5, 'Марково', '6272'),
(1280, 20, 'Мартово', '5746'),
(1281, 23, 'Мартыновка', '4736'),
(1282, 1, 'Марфовка', '6557'),
(1283, 10, 'Мархаловка', '4471'),
(1284, 8, 'Марьевка', '612'),
(1285, 5, 'Марьинка', '6278'),
(1286, 4, 'Марьяновка', '564'),
(1287, 16, 'Марьяновка', '5359'),
(1288, 6, 'Марьяновка', '4144'),
(1289, 3, 'Марьяновка', '3379'),
(1290, 22, 'Масевцы', '3822'),
(1291, 1, 'Массандра', '654'),
(1292, 14, 'Матиясово', '5153'),
(1293, 23, 'Матусив', '4741'),
(1294, 2, 'Махаринцы', '4342'),
(1295, 22, 'Мацьковцы', '3822'),
(1296, 16, 'Машевка', '5364'),
(1297, 3, 'Маяки', '3322'),
(1298, 15, 'Маяки', '4852'),
(1299, 1, 'Межводное', '6558'),
(1300, 7, 'Межгорье', '3146'),
(1301, 4, 'Межевая', '5630'),
(1302, 4, 'Межирич', '5672'),
(1303, 18, 'Межирич', '5445'),
(1304, 23, 'Межирич', ''),
(1305, 11, 'Межиричка', '05252'),
(1306, 18, 'Мезеновка', '5459'),
(1307, 4, 'Мелиоративное', '5612'),
(1308, 8, 'Мелитополь', '619'),
(1309, 12, 'Меловое', '6465'),
(1310, 19, 'Мельница-Подольская', '3541'),
(1311, 24, 'Мена', '4644'),
(1312, 4, 'Менжинское', '5662'),
(1313, 13, 'Мервичи', '3252'),
(1314, 20, 'Мерефа', '572');
INSERT INTO `city` (`id`, `region_id`, `name`, `phone_code`) VALUES
(1315, 14, 'Мешково-погорелово', '512'),
(1316, 15, 'Мизикевича', '4851'),
(1317, 17, 'Мизоч', '3652'),
(1318, 13, 'Миклашев', '3230'),
(1319, 19, 'Микулинцы', '3551'),
(1320, 9, 'Микуличин', '3434'),
(1321, 7, 'Минай', '3122'),
(1322, 16, 'Миргород', '5355'),
(1323, 6, 'Мирное', '4143'),
(1324, 5, 'Мирное', ''),
(1325, 1, 'Мирное', '652'),
(1326, 5, 'Мирное', '6279'),
(1327, 8, 'Мирное', ''),
(1328, 6, 'Мирный', ''),
(1329, 4, 'Мировое', '5668'),
(1330, 6, 'Миролюбовка', '412'),
(1331, 5, 'Мироновка', '6249'),
(1332, 10, 'Мироновка', '4474'),
(1333, 6, 'Мирополь', '4146'),
(1334, 12, 'Миусинск', '652'),
(1335, 14, 'Михайловка', '5167'),
(1336, 11, 'Михайловка', '5242'),
(1337, 8, 'Михайловка', '6132'),
(1338, 20, 'Михайловка', '5745'),
(1339, 2, 'Михайловка', '4344'),
(1340, 5, 'Михайловка', ''),
(1341, 23, 'Михайловка', '04736'),
(1342, 18, 'Михайловское', '5459'),
(1343, 22, 'Михайлючка', '3842'),
(1344, 25, 'Михальча', '3735'),
(1345, 23, 'Млиев', '4734'),
(1346, 17, 'Млинов', '3659'),
(1347, 19, 'Млиновцы', '3540'),
(1348, 16, 'Млыны', '5356'),
(1349, 2, 'Могилев-Подольский', '4337'),
(1350, 2, 'Могилевка', '4332'),
(1351, 17, 'Могиляны', '3654'),
(1352, 2, 'Моевка', '4357'),
(1353, 17, 'Моквин', '3653'),
(1354, 25, 'Молница', '3740'),
(1355, 15, 'Молодежное', '4851'),
(1356, 1, 'Молодежное', '652'),
(1357, 11, 'Молодежное', '5234'),
(1358, 5, 'Молодежное', '062'),
(1359, 5, 'Молодецкое', '6255'),
(1360, 12, 'Молодогвардейск', '6435'),
(1361, 8, 'Молочанск', '6178'),
(1362, 19, 'Монастыриска', '3555'),
(1363, 23, 'Монастырище', '4746'),
(1364, 13, 'Моршин', '32606'),
(1365, 5, 'Моспино', '622'),
(1366, 13, 'Мостиска', '3234'),
(1367, 14, 'Мостовое', '5152'),
(1368, 10, 'Мотыжин', '4478'),
(1369, 1, 'Мраморное', '652'),
(1370, 7, 'Мужиево', '3141'),
(1371, 10, 'Музычи', '44'),
(1372, 7, 'Мукачево', '3131'),
(1373, 12, 'Муратово', '6445'),
(1374, 20, 'Мурафа', '5756'),
(1375, 13, 'Мурованое', '3230'),
(1376, 2, 'Мурованые Куриловцы', '4356'),
(1377, 4, 'Мусиевка', '5662'),
(1378, 17, 'Мутвица', '3632'),
(1379, 10, 'Мыла', ''),
(1380, 23, 'Набутов', '4735'),
(1381, 13, 'Навария', '3230'),
(1382, 13, 'Нагорное', '3236'),
(1383, 19, 'Нагорянка', '3552'),
(1384, 9, 'Надвирна', '3475'),
(1385, 9, 'Надворная', ''),
(1386, 4, 'Надеждовка', '564'),
(1387, 9, 'Надиев', '3477'),
(1388, 19, 'Надречное', '3551'),
(1389, 13, 'Надыбы', '3238'),
(1390, 13, 'Надычи', '3252'),
(1391, 22, 'Наркевичи', '3845'),
(1392, 6, 'Народичи', '4140'),
(1393, 20, 'Наталино', '572'),
(1394, 10, 'Небелица', '4478'),
(1395, 7, 'Невицкое', '3122'),
(1396, 4, 'Недайвода', '564'),
(1397, 18, 'Недригайлов', '5455'),
(1398, 24, 'Нежин', '4631'),
(1399, 2, 'Некрасово', '432'),
(1400, 25, 'Нелиповцы', '3732'),
(1401, 10, 'Немешаево', '4477'),
(1402, 13, 'Немиров', '3259'),
(1403, 2, 'Немиров', '4331'),
(1404, 11, 'Неопалимовка', ''),
(1405, 25, 'Неполоковцы', '3736'),
(1406, 7, 'Нересница', '3134'),
(1407, 15, 'Нерубайское', '4852'),
(1408, 3, 'Несвич', '3322'),
(1409, 2, 'Нестерварка', '4335'),
(1410, 22, 'Нестеривци', '4336'),
(1411, 22, 'Нетишин', '3848'),
(1412, 16, 'Нехвороща', '5344'),
(1413, 12, 'Нещеретово', '6462'),
(1414, 4, 'Нива трудовая', '5656'),
(1415, 1, 'Нижнегорский', '6550'),
(1416, 7, 'Нижнее селище', '3142'),
(1417, 7, 'Нижние ворота', '3136'),
(1418, 21, 'Нижние Серогозы', '5540'),
(1419, 9, 'Нижний вербиж', '3433'),
(1420, 12, 'Нижний нагольчик', ''),
(1421, 13, 'Нижняя яблонька', '3269'),
(1422, 10, 'Низшая дубечня', '44'),
(1423, 18, 'Низы', '542'),
(1424, 1, 'Никита', '654'),
(1425, 9, 'Никитинцы', '3422'),
(1426, 13, 'Николаев', '3241'),
(1427, 14, 'Николаев', '512'),
(1428, 22, 'Николаев', '3822'),
(1429, 1, 'Николаевка', '652'),
(1430, 15, 'Николаевка', '4851'),
(1431, 5, 'Николаевка', '6262'),
(1432, 4, 'Николаевка', '5657'),
(1433, 4, 'Николаевка', '5671'),
(1434, 15, 'Николаевка', '4857'),
(1435, 4, 'Николаевка', '5650'),
(1436, 14, 'Николаевка', ''),
(1437, 14, 'Николаевское', '512'),
(1438, 5, 'Николайполье', '6272'),
(1439, 4, 'Никополь', '5662'),
(1440, 6, 'Новая Боровая', '4145'),
(1441, 20, 'Новая Водолага', '5740'),
(1442, 16, 'Новая Галещина', '5342'),
(1443, 23, 'Новая дмитровка', ''),
(1444, 15, 'Новая долина', ''),
(1445, 15, 'Новая дофиновка', '4855'),
(1446, 21, 'Новая збурьевка', '5539'),
(1447, 21, 'Новая Каховка', '5549'),
(1448, 3, 'Новая лешня', '3372'),
(1449, 17, 'Новая Любомирка', '362'),
(1450, 21, 'Новая маячка', '5542'),
(1451, 15, 'Новая некрасовка', '4841'),
(1452, 14, 'Новая Одесса', '5167'),
(1453, 11, 'Новая прага', '5235'),
(1454, 4, 'Новая русь', '5672'),
(1455, 22, 'Новая Ушица', '3847'),
(1456, 24, 'Новгород-Северский', '4658'),
(1457, 11, 'Новгородка', '5241'),
(1458, 5, 'Новгородское', '6247'),
(1459, 9, 'Новица', '3472'),
(1460, 16, 'Новоаврамовка', '5362'),
(1461, 5, 'Новоазовск', '6296'),
(1462, 12, 'Новоайдар', '6445'),
(1463, 11, 'Новоалександровка', '5251'),
(1464, 4, 'Новоалександровка', '562'),
(1465, 21, 'Новоалексеевка', '5534'),
(1466, 5, 'Новоамвросиевское', '6259'),
(1467, 11, 'Новоархангельск', '255'),
(1468, 8, 'Новобогдановка', '6142'),
(1469, 15, 'Новоборисовка', '4859'),
(1470, 3, 'Нововолынск', '3344'),
(1471, 21, 'Нововоронцовка', '5533'),
(1472, 6, 'Новоград-Волынский', '4141'),
(1473, 21, 'Новогригоровка', '5534'),
(1474, 5, 'Новогродовка', ''),
(1475, 6, 'Новогуйвинское', '4122'),
(1476, 12, 'Новодарьевка', '6433'),
(1477, 25, 'Новоднестровск', '3741'),
(1478, 5, 'Новодонецкое', '6277'),
(1479, 12, 'Новодружеск', '6451'),
(1480, 24, 'Новое', '4622'),
(1481, 11, 'Новое', ''),
(1482, 7, 'Новое давыдково', '3131'),
(1483, 8, 'Новое запорожье', '612'),
(1484, 19, 'Новое Село', '3543'),
(1485, 5, 'Новозарьевка', '6217'),
(1486, 4, 'Новоивановка', '564'),
(1487, 4, 'Новолозоватка', '564'),
(1488, 8, 'Новолюбимовка', '6178'),
(1489, 17, 'Новомалин', '3654'),
(1490, 11, 'Новомиргород', '5256'),
(1491, 4, 'Новомосковск', '569'),
(1492, 8, 'Новониколаевка', '6178'),
(1493, 4, 'Новониколаевка', '5618'),
(1494, 4, 'Новониколаевка', '562'),
(1495, 8, 'Новониколаевка', '6144'),
(1496, 1, 'Новоозерное', '6569'),
(1497, 6, 'Новоозерянка', '4135'),
(1498, 11, 'Новоолександровка', '6565'),
(1499, 16, 'Новоореховка', '5322'),
(1500, 16, 'Новооржицкое', '5357'),
(1501, 20, 'Новоосиново', '5742'),
(1502, 20, 'Новопавловка', '5757'),
(1503, 8, 'Новопетровка', '6153'),
(1504, 14, 'Новопетровское', '5167'),
(1505, 20, 'Новопокровка', '5746'),
(1506, 4, 'Новополье', '564'),
(1507, 12, 'Новопсков', '6463'),
(1508, 9, 'Новоселица', '3477'),
(1509, 25, 'Новоселица', '3733'),
(1510, 19, 'Новоселка', '3543'),
(1511, 10, 'Новоселки', '44'),
(1512, 24, 'Новоселовка', '4622'),
(1513, 20, 'Новоселовка', ''),
(1514, 1, 'Новоселовское', '6553'),
(1515, 1, 'Новосельское', '6558'),
(1516, 21, 'Новотроицкое', '5548'),
(1517, 5, 'Новотроицкое', '6214'),
(1518, 11, 'Новоукраинка', '5251'),
(1519, 14, 'Новоукраинка', '5168'),
(1520, 5, 'Новоэкономическое', ''),
(1521, 13, 'Новояворовск', '3256'),
(1522, 10, 'Новые безрадичи', '4472'),
(1523, 6, 'Новые Белокоровичи', '4135'),
(1524, 15, 'Новые беляры', '4855'),
(1525, 24, 'Новые Млыны', ''),
(1526, 10, 'Новые петровцы', '44'),
(1527, 16, 'Новые Санжары', '5344'),
(1528, 24, 'Новый белоус', '4622'),
(1529, 14, 'Новый Буг', '5151'),
(1530, 24, 'Новый Быков', '4632'),
(1531, 17, 'Новый корец', '3651'),
(1532, 22, 'Новый кривин', '3842'),
(1533, 9, 'Новый мизунь', '3477'),
(1534, 13, 'Новый Роздол', '3261'),
(1535, 1, 'Новый Свет', '6566'),
(1536, 5, 'Новый Свет', '6253'),
(1537, 13, 'Новый ярычев', '3254'),
(1538, 6, 'Норинск', '4851'),
(1539, 24, 'Носовка', '4642'),
(1540, 17, 'Обаров', '362'),
(1541, 9, 'Обертин', '3479'),
(1542, 2, 'Ободовка', '4343'),
(1543, 11, 'Обозновка', '6565'),
(1544, 9, 'Оболонье', '3477'),
(1545, 13, 'Оброшино', '322'),
(1546, 10, 'Обухов', '4472'),
(1547, 3, 'Овадное', '3342'),
(1548, 15, 'Овидиополь', '4851'),
(1549, 6, 'Овруч', '4148'),
(1550, 11, 'Одая', '6559'),
(1551, 15, 'Одесса', '48'),
(1552, 17, 'Оженин', '3654'),
(1553, 16, 'Озера', '5343'),
(1554, 6, 'Озерное', '412'),
(1555, 3, 'Озерцо', '3365'),
(1556, 19, 'Озеряны', '3541'),
(1557, 10, 'Озирне', '263'),
(1558, 9, 'Окно', '3430'),
(1559, 25, 'Окно', '3737'),
(1560, 1, 'Октябрьское', '6557'),
(1561, 1, 'Октябрьское', '6556'),
(1562, 6, 'Олевск', '4135'),
(1563, 6, 'Олекс', ''),
(1564, 22, 'Олешин', '3822'),
(1565, 7, 'Олешник', '3143'),
(1566, 9, 'Олешов', '3479'),
(1567, 1, 'Олива', '654'),
(1568, 6, 'Олиевка', '412'),
(1569, 24, 'Олишевка', '4622'),
(1570, 3, 'Олыка', '3365'),
(1571, 5, 'Ольгинка', '6214'),
(1572, 12, 'Ольховое', '6472'),
(1573, 7, 'Ольховцы', '3134'),
(1574, 7, 'Ольховцы-лазы', '3134'),
(1575, 23, 'Ольшана', '4734'),
(1576, 18, 'Ольшана', '5452'),
(1577, 6, 'Ольшанка', '4139'),
(1578, 11, 'Ольшанка', '5250'),
(1579, 14, 'Ольшанское', '512'),
(1580, 20, 'Ольшаны', '5763'),
(1581, 11, 'Оникеево', ''),
(1582, 15, 'Ониськово', '4855'),
(1583, 16, 'Онишки', '5357'),
(1584, 11, 'Онуфриевка', '5238'),
(1585, 13, 'Опоры', '3244'),
(1586, 16, 'Опошня', '5353'),
(1587, 5, 'Опытное', ''),
(1588, 2, 'Оратов', '4330'),
(1589, 2, 'Оратов', '4330'),
(1590, 17, 'Орвяница', '3658'),
(1591, 12, 'Орджоникидзе', ''),
(1592, 1, 'Орджоникидзе', '6562'),
(1593, 4, 'Орджоникидзе', '5667'),
(1594, 1, 'Ореанда', '654'),
(1595, 8, 'Орехов', '6141'),
(1596, 16, 'Ореховка', '5361'),
(1597, 12, 'Ореховка', '6436'),
(1598, 1, 'Орехово', '6563'),
(1599, 17, 'Оржев', '362'),
(1600, 16, 'Оржица', '5357'),
(1601, 20, 'Орилька-1', '5745'),
(1602, 4, 'Орловщина', '5612'),
(1603, 8, 'Осипенко', '6153'),
(1604, 1, 'Останино', '6557'),
(1605, 24, 'Остер', '4646'),
(1606, 17, 'Остки', '3635'),
(1607, 19, 'Остров', '352'),
(1608, 13, 'Остров', '3257'),
(1609, 17, 'Острог', '3654'),
(1610, 17, 'Острожец', '3659'),
(1611, 6, 'Осыково', '4143'),
(1612, 1, 'Отрадное', '654'),
(1613, 1, 'Отрадное', '6554'),
(1614, 9, 'Отыния', '3433'),
(1615, 14, 'Очаков', '5154'),
(1616, 5, 'Очеретино', '622'),
(1617, 13, 'Павлов', '3255'),
(1618, 11, 'Павловка', '5236'),
(1619, 9, 'Павловка', '3436'),
(1620, 24, 'Павловка', '4622'),
(1621, 4, 'Павлоград', '5632'),
(1622, 11, 'Павлыш', '5258'),
(1623, 7, 'Павшино', '3131'),
(1624, 10, 'Паляничинцы', '4465'),
(1625, 5, 'Пантелеймоновка', '6242'),
(1626, 20, 'Панютино', '5745'),
(1627, 24, 'Парафиевка', '4633'),
(1628, 6, 'Парипсы', '4137'),
(1629, 1, 'Парковое', '654'),
(1630, 1, 'Партенит', '56'),
(1631, 4, 'Партизанское', '562'),
(1632, 21, 'Партизаны', '5534'),
(1633, 20, 'Пархомовка', '5756'),
(1634, 7, 'Пацканево', '3122'),
(1635, 11, 'Первозвановка', '6565'),
(1636, 14, 'Первомайск', '5161'),
(1637, 12, 'Первомайск', '6455'),
(1638, 4, 'Первомайск', ''),
(1639, 20, 'Первомайский', '5748'),
(1640, 1, 'Первомайское', '6555'),
(1641, 1, 'Первомайское', '6552'),
(1642, 1, 'Перевальное', '652'),
(1643, 12, 'Перевальск', '6441'),
(1644, 11, 'Перегоновка', '6559'),
(1645, 18, 'Перекрестовка', '5448'),
(1646, 4, 'Перемога', '562'),
(1647, 13, 'Перемышляны', '3263'),
(1648, 9, 'Перерыв', '3433'),
(1649, 14, 'Пересадовка', '512'),
(1650, 20, 'Пересечная', '5763'),
(1651, 7, 'Перечин', '3145'),
(1652, 4, 'Перещепино', '5612'),
(1653, 10, 'Переяслав-Хмельницкий', '4467'),
(1654, 6, 'Перлявка', '412'),
(1655, 1, 'Перово', '652'),
(1656, 5, 'Перше травня', ''),
(1657, 6, 'Першотравенск', '4144'),
(1658, 4, 'Першотравенск', '5633'),
(1659, 6, 'Першотравневое', '4148'),
(1660, 14, 'Першотравневое', '512'),
(1661, 5, 'Пески', ''),
(1662, 16, 'Пески', '5361'),
(1663, 10, 'Песковка', '4477'),
(1664, 20, 'Песочин', '572'),
(1665, 7, 'Пестрялово', '3131'),
(1666, 2, 'Песчанка', '4349'),
(1667, 4, 'Песчанка', '5612'),
(1668, 1, 'Песчаное', '6554'),
(1669, 16, 'Песчаное', '536'),
(1670, 5, 'Песчаное', ''),
(1671, 19, 'Петриков', '352'),
(1672, 4, 'Петриковка', ''),
(1673, 1, 'Петровка', '6556'),
(1674, 15, 'Петровка', '4854'),
(1675, 14, 'Петровка', '512'),
(1676, 12, 'Петровка', '6472'),
(1677, 16, 'Петровка-роменская', '5354'),
(1678, 11, 'Петрово', '5237'),
(1679, 12, 'Петровское', '6432'),
(1680, 22, 'Петровское', '4336'),
(1681, 10, 'Петровское', '44'),
(1682, 10, 'Петровское', '4495'),
(1683, 15, 'Петродолинское', '4851'),
(1684, 4, 'Петропавловка', '5671'),
(1685, 10, 'Петропавловская Борщаговка', '44'),
(1686, 10, 'Петрушки', '44'),
(1687, 20, 'Печенеги', '5765'),
(1688, 9, 'Печенежин', '3433'),
(1689, 2, 'Пещанка', ''),
(1690, 4, 'Пивденное', '5662'),
(1691, 20, 'Пивденное', '572'),
(1692, 13, 'Пидбирцы', '322'),
(1693, 6, 'Пилиповичи', '4141'),
(1694, 10, 'Пилиповка', '4465'),
(1695, 10, 'Пилипча', '4463'),
(1696, 1, 'Пионерское', '652'),
(1697, 18, 'Пироговка', '5449'),
(1698, 16, 'Пирятин', '5358'),
(1699, 2, 'Писаревка', '432'),
(1700, 5, 'Пискуновка', ''),
(1701, 18, 'Плавинище', '5448'),
(1702, 15, 'Платоново', '4861'),
(1703, 10, 'Плесецкое', '4471'),
(1704, 11, 'Плетеный ташлык', '5258'),
(1705, 7, 'Плоске', ''),
(1706, 19, 'Плотыча', '352'),
(1707, 9, 'Пнев', '3475'),
(1708, 9, 'Побережье', '3436'),
(1709, 11, 'Побугское', '5252'),
(1710, 13, 'Повитное', '3231'),
(1711, 3, 'Поворск', '3352'),
(1712, 22, 'Погорельцы', '4335'),
(1713, 2, 'Погребище', '4346'),
(1714, 2, 'Погребище первое', '4346'),
(1715, 10, 'Погребы', '4494'),
(1716, 13, 'Подберезцы', '3230'),
(1717, 13, 'Подбуж', '3244'),
(1718, 19, 'Подволочиск', '3543'),
(1719, 20, 'Подворки', '572'),
(1720, 19, 'Подвысокое', '3548'),
(1721, 3, 'Подгайцы', '3322'),
(1722, 11, 'Подгайцы', '6565'),
(1723, 19, 'Подгайцы', '3542'),
(1724, 14, 'Подгородная', '5161'),
(1725, 6, 'Подгородное', '4143'),
(1726, 4, 'Подгородное', '562'),
(1727, 19, 'Подгородное', '352'),
(1728, 13, 'Подгородное', '3265'),
(1729, 10, 'Подгорцы', '4472'),
(1730, 9, 'Подгорье', '3471'),
(1731, 13, 'Подкамень', '3266'),
(1732, 9, 'Подмихайля', '3472'),
(1733, 7, 'Подобовец', '03146'),
(1734, 13, 'Подорожное', '3239'),
(1735, 9, 'Подпечеры', '3436'),
(1736, 1, 'Пожарское', '652'),
(1737, 20, 'Покотиловка', '572'),
(1738, 16, 'Покровская богачка', '5362'),
(1739, 4, 'Покровское', '5662'),
(1740, 4, 'Покровское', '5678'),
(1741, 12, 'Покровское', '6456'),
(1742, 20, 'Полевая', '5763'),
(1743, 10, 'Полесское', '4492'),
(1744, 24, 'Политрудня', '4645'),
(1745, 12, 'Половинкино', '6461'),
(1746, 23, 'Половинчик', '4746'),
(1747, 8, 'Пологи', '6165'),
(1748, 18, 'Пологи', '5446'),
(1749, 10, 'Пологи-вергуны', '4467'),
(1750, 3, 'Полонка', '3322'),
(1751, 22, 'Полонное', '3843'),
(1752, 16, 'Полтава', '532'),
(1753, 1, 'Полтавка', '6556'),
(1754, 7, 'Поляна', '3133'),
(1755, 9, 'Поляница', ''),
(1756, 6, 'Полянка', '4144'),
(1757, 22, 'Полянь', '3842'),
(1758, 11, 'Помошная', '6564'),
(1759, 1, 'Понизовка', '654'),
(1760, 22, 'Понинка', '3843'),
(1761, 12, 'Попасная', '6474'),
(1762, 4, 'Попасное', '5612'),
(1763, 6, 'Попельня', '4137'),
(1764, 6, 'Попельня', '4137'),
(1765, 18, 'Поповка', '5447'),
(1766, 16, 'Поповка', '5346'),
(1767, 7, 'Попово', '3141'),
(1768, 6, 'Поромовка', '4145'),
(1769, 23, 'Поташ', '4748'),
(1770, 16, 'Потоки', '5366'),
(1771, 19, 'Почаев', '3546'),
(1772, 19, 'Почапинцы', '352'),
(1773, 23, 'Почапинцы', '4749'),
(1774, 1, 'Почтовое', '6554'),
(1775, 5, 'Предтечино', '6272'),
(1776, 8, 'Преображенка', '6141'),
(1777, 8, 'Приазовское', '6133'),
(1778, 1, 'Прибрежное', '6563'),
(1779, 14, 'Прибугское', '512'),
(1780, 13, 'Прибужаны', '3254'),
(1781, 14, 'Прибужье', '5152'),
(1782, 1, 'Приветное', '06560'),
(1783, 5, 'Приволье', ''),
(1784, 12, 'Приволье', '6451'),
(1785, 4, 'Приднепрянское', '562'),
(1786, 20, 'Приколотное', '5752'),
(1787, 15, 'Прилиманское', '4851'),
(1788, 24, 'Прилуки', '4637'),
(1789, 8, 'Приморск', '6137'),
(1790, 1, 'Приморский', '6562'),
(1791, 21, 'Приозерное', '5534'),
(1792, 1, 'Приозерное', '6557'),
(1793, 6, 'Пристанционное', '4133'),
(1794, 16, 'Пришиб', '5366'),
(1795, 8, 'Пришиб', '6132'),
(1796, 11, 'Приютовка', '5235'),
(1797, 19, 'Пробежная', '3552'),
(1798, 12, 'Пролетарский', '6433'),
(1799, 10, 'Пролиски', '4495'),
(1800, 4, 'Просяная', '567'),
(1801, 11, 'Протопоповка', '5235'),
(1802, 3, 'Проходы', '3362'),
(1803, 23, 'Прохоровка', ''),
(1804, 10, 'Процев', '4495'),
(1805, 20, 'Прудянка', '5763'),
(1806, 6, 'Пряжов', '412'),
(1807, 13, 'Пукеничи', '3245'),
(1808, 13, 'Пустомыты', '3230'),
(1809, 18, 'Путивль', '5442'),
(1810, 25, 'Путила', '3738'),
(1811, 10, 'Пуховка', '4494'),
(1812, 4, 'Пушкаревка', '5618'),
(1813, 19, 'Пышковцы', '3542'),
(1814, 4, 'Пятихатки', '56510'),
(1815, 13, 'Рава-Русская', '3252'),
(1816, 24, 'Равнополье', '4622'),
(1817, 21, 'Раденск', '5542'),
(1818, 13, 'Радехов', '3255'),
(1819, 6, 'Радомышль', '4132'),
(1820, 3, 'Радомышль', '3322'),
(1821, 15, 'Радостное', '48'),
(1822, 4, 'Радушное', '564'),
(1823, 9, 'Радча', '3436'),
(1824, 17, 'Радывылив', '3633'),
(1825, 17, 'Радыжево', '3634'),
(1826, 16, 'Радянское', '5343'),
(1827, 15, 'Раздельная', '4853'),
(1828, 1, 'Раздольное', '6553'),
(1829, 5, 'Райгородок', ''),
(1830, 3, 'Ракита', '3346'),
(1831, 16, 'Ракитное', '5366'),
(1832, 10, 'Ракитное', '4462'),
(1833, 7, 'Раково', '3145'),
(1834, 9, 'Раковчик', '3433'),
(1835, 7, 'Ракошино', '3131'),
(1836, 16, 'Рассошенцы', '5322'),
(1837, 3, 'Ратно', '3310'),
(1838, 3, 'Ратнов', '3366'),
(1839, 7, 'Ратовцы', '3122'),
(1840, 12, 'Рафайловка', ''),
(1841, 17, 'Рафаловка', '3634'),
(1842, 7, 'Рахов', '3132'),
(1843, 23, 'Рацево', '4730'),
(1844, 17, 'Рачин', '3656'),
(1845, 3, 'Рачин', ''),
(1846, 15, 'Рени', '4840'),
(1847, 24, 'Репки', '4641'),
(1848, 16, 'Решетиловка', '5363'),
(1849, 10, 'Ржищев', '4473'),
(1850, 12, 'Ровеньки', '6433'),
(1851, 17, 'Ровно', '362'),
(1852, 3, 'Ровное', '3377'),
(1853, 5, 'Ровное', ''),
(1854, 11, 'Ровное', '5251'),
(1855, 14, 'Ровное', '5154'),
(1856, 20, 'Рогань', '572'),
(1857, 9, 'Рогатин', '3435'),
(1858, 19, 'Рогачин', '3548'),
(1859, 10, 'Рогозов', '4495'),
(1860, 12, 'Родаково', '6473'),
(1861, 5, 'Родинское', '6239'),
(1862, 1, 'Родниковое', '652'),
(1863, 3, 'Рожище', '3368'),
(1864, 10, 'Рожны', '4494'),
(1865, 9, 'Рожнятов', '3474'),
(1866, 13, 'Розвадов', '3241'),
(1867, 13, 'Розгирче', '3245'),
(1868, 13, 'Роздол', '3241'),
(1869, 1, 'Роздольное', '6553'),
(1870, 7, 'Розовка', '3122'),
(1871, 8, 'Розовка', '6162'),
(1872, 7, 'Розтоки', '3122'),
(1873, 3, 'Рокини', '3322'),
(1874, 17, 'Рокитное', '3635'),
(1875, 17, 'Рокитное', '3635'),
(1876, 7, 'Рокосово', '3142'),
(1877, 22, 'Романины', '3842'),
(1878, 3, 'Романов', '3322'),
(1879, 6, 'Романов', '4146'),
(1880, 18, 'Ромны', '5448'),
(1881, 10, 'Росава', '4474'),
(1882, 10, 'Роскошная', '4464'),
(1883, 11, 'Роскошное', '05252'),
(1884, 10, 'Рославичи', '4471'),
(1885, 13, 'Росохач', '3251'),
(1886, 2, 'Росоша', '4358'),
(1887, 22, 'Россоша', '3822'),
(1888, 25, 'Ростоки', '3738'),
(1889, 23, 'Ротмистровка', ''),
(1890, 12, 'Рубежное', '6453'),
(1891, 13, 'Рудки', '3236'),
(1892, 18, 'Руднево', '5442'),
(1893, 2, 'Рудница', '4349'),
(1894, 13, 'Рудно', '322'),
(1895, 22, 'Рудня-новенькая', '3840'),
(1896, 6, 'Ружин', '4138'),
(1897, 22, 'Русановцы', '3857'),
(1898, 23, 'Русская поляна', '472'),
(1899, 14, 'Рыбаковка', '5153'),
(1900, 24, 'Рыбинск', '4657'),
(1901, 13, 'Рыхтичи', '3244'),
(1902, 14, 'с. Воссиятское', ''),
(1903, 23, 'с. Литвинец', '4736'),
(1904, 4, 'с. Лозуватка', ''),
(1905, 6, 'с. Михайловка', '4142'),
(1906, 2, 'с. Поповцы', '4341'),
(1907, 20, 'Савинцы', '5749'),
(1908, 15, 'Саврань', '4865'),
(1909, 23, 'Сагуновка', '472'),
(1910, 18, 'Сад', '542'),
(1911, 9, 'Саджава', '3471'),
(1912, 9, 'Саджавка', '3475'),
(1913, 1, 'Садовое', '6550'),
(1914, 1, 'Саки', '6563'),
(1915, 15, 'Салганы', ''),
(1916, 10, 'Саливонки', '271'),
(1917, 11, 'Сальково', '6554'),
(1918, 13, 'Самбор', '3236'),
(1919, 10, 'Самгородок', ''),
(1920, 18, 'Самотоевка', '5459'),
(1921, 12, 'Самсоновка', ''),
(1922, 1, 'Санаторное', '654'),
(1923, 19, 'Саранчуки', '3548'),
(1924, 15, 'Сарата', '4848'),
(1925, 17, 'Сарны', '36552'),
(1926, 5, 'Сартана', '629'),
(1927, 7, 'Сасово', '3143'),
(1928, 22, 'Сатанив', '3851'),
(1929, 15, 'Сафьяны', '4841'),
(1930, 22, 'Сахкамень', '4332'),
(1931, 20, 'Сахновщина', '5762'),
(1932, 7, 'Свалява', '3133'),
(1933, 12, 'Сватово', '6471'),
(1934, 12, 'Свердловск', '6434'),
(1935, 18, 'Свесса', '5456'),
(1936, 11, 'Светловодск', '5236'),
(1937, 16, 'Светлогорское', '5343'),
(1938, 5, 'Светлодарск', '6249'),
(1939, 23, 'Свидовок', '472'),
(1940, 10, 'Свитанок', '4467'),
(1941, 16, 'Святиловка', '5365'),
(1942, 5, 'Святогорск', '6262'),
(1943, 1, 'Севастополь', '692'),
(1944, 2, 'Севериновка', '4332'),
(1945, 12, 'Северодонецк', '6452'),
(1946, 5, 'Северск', '6274'),
(1947, 24, 'Седнев', '4622'),
(1948, 5, 'Селезневка', ''),
(1949, 16, 'Селещина', '5364'),
(1950, 5, 'Селидово', '6237'),
(1951, 17, 'Селище', '3655'),
(1952, 2, 'Селище', '4347'),
(1953, 23, 'Селище', '4735'),
(1954, 25, 'Селятин', '3738'),
(1955, 8, 'Семеновка', '6142'),
(1956, 16, 'Семеновка', '5341'),
(1957, 24, 'Семеновка', '4659'),
(1958, 13, 'Семеновка', '3230'),
(1959, 10, 'Семиполки', '4494'),
(1960, 21, 'Семихатка', '5534'),
(1961, 1, 'Сенокосное', '6553'),
(1962, 24, 'Сеньковка', '4645'),
(1963, 10, 'Сеньковка', '4495'),
(1964, 15, 'Сергеевка', '4849'),
(1965, 24, 'Серебряное', ''),
(1966, 18, 'Середина-Буда', '5451'),
(1967, 24, 'Серединка', '4622'),
(1968, 1, 'Симеиз', '654'),
(1969, 7, 'Симерки', '3145'),
(1970, 1, 'Симферополь', '652'),
(1971, 6, 'Сингуры', '412'),
(1972, 4, 'Синельниково', '5663'),
(1973, 10, 'Синяк', ''),
(1974, 2, 'Ситковцы', '4331'),
(1975, 10, 'Ситняки', '4478'),
(1976, 21, 'Скадовск', '5537'),
(1977, 19, 'Скала-Подольская', '3541'),
(1978, 19, 'Скалат', '3543'),
(1979, 1, 'Скалистое', '6554'),
(1980, 10, 'Сквира', '4468'),
(1981, 1, 'Скворцово', '652'),
(1982, 13, 'Сколе', '3251'),
(1983, 2, 'Скоморошки', '4330'),
(1984, 24, 'Слабин', '4622'),
(1985, 4, 'Славгород', '5663'),
(1986, 13, 'Славское', '3251'),
(1987, 22, 'Славута', '3842'),
(1988, 10, 'Славутич', '4479'),
(1989, 12, 'Славяносербск', '6473'),
(1990, 5, 'Славянск', '6262'),
(1991, 20, 'Слатино', '5763'),
(1992, 14, 'Сливино', '512'),
(1993, 18, 'Слобода', '5454'),
(1994, 18, 'Слобода', '5447'),
(1995, 6, 'Слободище', '4143'),
(1996, 19, 'Слободка', '3551'),
(1997, 13, 'Слободка', '3245'),
(1998, 22, 'Слободка-гуменецкая', '4332'),
(1999, 22, 'Слободка-рыхтивская', '4332'),
(2000, 15, 'Словяносербка', '4859'),
(2001, 23, 'Смела', '4733'),
(2002, 18, 'Смелое', '5448'),
(2003, 9, 'Смодна', '3478'),
(2004, 11, 'Смолино', '5258'),
(2005, 22, 'Смотрич', '4336'),
(2006, 17, 'Смыга', '3656'),
(2007, 19, 'Смыковцы', '352'),
(2008, 5, 'Снежное', '6256'),
(2009, 14, 'Снигиревка', '5162'),
(2010, 9, 'Снятин', ''),
(2011, 9, 'Снятын', '3476'),
(2012, 18, 'Собич', '5449'),
(2013, 2, 'Соболевка', '4353'),
(2014, 1, 'Советский', '6551'),
(2015, 1, 'Советское', '654'),
(2016, 11, 'Созоновка', '6565'),
(2017, 13, 'Сокаль', '3257'),
(2018, 2, 'Сокиринцы', '432'),
(2019, 3, 'Сокиричи', '3365'),
(2020, 7, 'Сокирница', '3142'),
(2021, 25, 'Сокиряны', '3739'),
(2022, 2, 'Соколец', '4342'),
(2023, 2, 'Соколовка', '4340'),
(2024, 11, 'Соколовское', '6565'),
(2025, 13, 'Сокольники', '3230'),
(2026, 5, 'Соледар', '6274'),
(2027, 4, 'Соленое', '5616'),
(2028, 8, 'Солнечное', '612'),
(2029, 18, 'Солнечное', '5446'),
(2030, 7, 'Соломоново', '3122'),
(2031, 17, 'Солонив', ''),
(2032, 20, 'Солоницевка', '5763'),
(2033, 13, 'Солонка', '3230'),
(2034, 9, 'Солотвин', '3471'),
(2035, 7, 'Солотвино', '3134'),
(2036, 1, 'Соляное', '6557'),
(2037, 9, 'Сопов', '3433'),
(2038, 24, 'Сосница', '4655'),
(2039, 13, 'Сосновка', '3249'),
(2040, 2, 'Сосновка', '4344'),
(2041, 17, 'Сосновое', '3653'),
(2042, 20, 'Сосоновка', '5740'),
(2043, 4, 'Софиевка', '5650'),
(2044, 10, 'Софиевская Борщаговка', '44'),
(2045, 12, 'Софиевский', '6432'),
(2046, 5, 'Спартак', ''),
(2047, 7, 'Среднее', '3122'),
(2048, 7, 'Среднее водяное', '3122'),
(2049, 9, 'Средний бабин', '3472'),
(2050, 10, 'Ставище', '4464'),
(2051, 10, 'Стайки', '4473'),
(2052, 12, 'Станично-Луганское', '6472'),
(2053, 6, 'Станишовка', '412'),
(2054, 3, 'Старая Выжевка', '3346'),
(2055, 21, 'Старая збурьевка', '5539'),
(2056, 18, 'Старая ивановка', '5446'),
(2057, 15, 'Старая некрасовка', '4841'),
(2058, 22, 'Старая Синява', '3850'),
(2059, 12, 'Старобельск', '6461'),
(2060, 5, 'Старобешево', '6253'),
(2061, 20, 'Староверовка', '5751'),
(2062, 3, 'Старовойтовое', '3377'),
(2063, 10, 'Старое', '4495'),
(2064, 13, 'Старое село', '3230'),
(2065, 22, 'Староконстантинов', '3854'),
(2066, 5, 'Старомихайловка', '6212'),
(2067, 3, 'Староселье', '3376'),
(2068, 23, 'Старые бабаны', ''),
(2069, 4, 'Старые кодаки', '562'),
(2070, 10, 'Старые петровцы', '44'),
(2071, 24, 'Старый белоус', '4622'),
(2072, 9, 'Старый косов', '3478'),
(2073, 22, 'Старый кривин', '3842'),
(2074, 5, 'Старый крым', '629'),
(2075, 1, 'Старый Крым', '6555'),
(2076, 20, 'Старый Мерчик', '5753'),
(2077, 20, 'Старый Салтов', '5741'),
(2078, 13, 'Старый Самбор', '3238'),
(2079, 6, 'Старый солотвин', '4143'),
(2080, 13, 'Старый ярычев', '3254'),
(2081, 12, 'Стаханов', '6444'),
(2082, 23, 'Стеблев', '4735'),
(2083, 7, 'Стеблевка', '3142'),
(2084, 13, 'Стебник', '3244'),
(2085, 18, 'Степановка', '542'),
(2086, 21, 'Степановка', ''),
(2087, 17, 'Степань', '3655'),
(2088, 18, 'Стецковка', '542'),
(2089, 5, 'Стожково', ''),
(2090, 9, 'Стопчатов', '3478'),
(2091, 25, 'Сторожинец', '3735'),
(2092, 13, 'Сторонибабы', '3264'),
(2093, 10, 'Стоянка', '44'),
(2094, 7, 'Страбычово', '3131'),
(2095, 13, 'Страдч', '3256'),
(2096, 13, 'Страшевичи', '3238'),
(2097, 22, 'Стриганы', '3842'),
(2098, 2, 'Стрижавка', '432'),
(2099, 6, 'Стрижевка', '4130'),
(2100, 25, 'Строинцы', '3733'),
(2101, 22, 'Струга', '3847'),
(2102, 3, 'Струмовка', '3322'),
(2103, 19, 'Струсов', '3551'),
(2104, 13, 'Стрый', '3245'),
(2105, 2, 'Студеная', '4349'),
(2106, 19, 'Ступки', '352'),
(2107, 22, 'Стуфчинцы', '3822'),
(2108, 11, 'Субботцы', '6556'),
(2109, 15, 'Суворово', '4841'),
(2110, 1, 'Судак', '6566'),
(2111, 22, 'Судилков', '3840'),
(2112, 13, 'Судовая вишня', '3234'),
(2113, 18, 'Сумы', '542'),
(2114, 4, 'Сурско-литовское', '562'),
(2115, 3, 'Суск', '3365'),
(2116, 6, 'Суслы', '4141'),
(2117, 2, 'Сутиски', '4355'),
(2118, 12, 'Суходольск', '6435'),
(2119, 23, 'Сушковка', ''),
(2120, 13, 'Сходница', '3248'),
(2121, 11, 'Счастливое', '5235'),
(2122, 21, 'Счастливцево', '5534'),
(2123, 12, 'Счастье', '642'),
(2124, 15, 'Сычавка', '4855'),
(2125, 7, 'Сюртэ', '3122'),
(2126, 24, 'Сядрине', ''),
(2127, 15, 'Табаки', '4846'),
(2128, 21, 'Таврийск', '4332'),
(2129, 21, 'Таврия', '5537'),
(2130, 15, 'Таирово', '4851'),
(2131, 24, 'Талалаевка', '4634'),
(2132, 23, 'Тальное', '4731'),
(2133, 1, 'Тамбовка', '6550'),
(2134, 17, 'Тараканов', '3656'),
(2135, 20, 'Тарановка', '5747'),
(2136, 10, 'Тарасовка', '4494'),
(2137, 3, 'Тарасово', ''),
(2138, 10, 'Тараща', '4466'),
(2139, 4, 'Таромское', '562'),
(2140, 15, 'Тарутино', '4847'),
(2141, 15, 'Татарбунары', '4844'),
(2142, 9, 'Татаров', '3434'),
(2143, 5, 'Тельманово', '6279'),
(2144, 22, 'Теофиполь', '3844'),
(2145, 2, 'Теплик', '4353'),
(2146, 8, 'Тепличное', '612'),
(2147, 4, 'Тепловка', '5617'),
(2148, 12, 'Теплогорск', '6444'),
(2149, 15, 'Теплодар', '482'),
(2150, 19, 'Теребовля', '3551'),
(2151, 10, 'Терезино', '4463'),
(2152, 7, 'Тересва', '3134'),
(2153, 16, 'Терешки', '5322'),
(2154, 8, 'Терноватое', '6144'),
(2155, 4, 'Терновка', '05636'),
(2156, 7, 'Терново', '3134'),
(2157, 19, 'Тернополь', '352'),
(2158, 18, 'Терны', '5452'),
(2159, 6, 'Тетеревка', '412'),
(2160, 10, 'Тетиев', '4460'),
(2161, 2, 'Тиврев', ''),
(2162, 1, 'Тиловое', '692'),
(2163, 9, 'Тисменница', ''),
(2164, 2, 'Титусовка', '4342'),
(2165, 3, 'Тишковичи', '3372'),
(2166, 9, 'Тлумач', '3479'),
(2167, 8, 'Токмак', '6178'),
(2168, 4, 'Токмаковка', ''),
(2169, 4, 'Токовское', '5656'),
(2170, 19, 'Толстое', '3554'),
(2171, 19, 'Толстолуг', '352'),
(2172, 4, 'Томаковка', '5668'),
(2173, 17, 'Томашгород', '3635'),
(2174, 18, 'Томашовка', '5452'),
(2175, 2, 'Томашполь', '4348'),
(2176, 6, 'Топильня', '4161'),
(2177, 1, 'Топольное', '652'),
(2178, 25, 'Топоровцы', '3733'),
(2179, 9, 'Торговица', '3430'),
(2180, 9, 'Торговица', '3433'),
(2181, 5, 'Торез', '6254'),
(2182, 19, 'Торское', '3554'),
(2183, 3, 'Торчин', '3322'),
(2184, 12, 'Тошковка', '6455'),
(2185, 10, 'Требухов', '4494'),
(2186, 11, 'Треповка', '6556'),
(2187, 12, 'Троицкое', '6456'),
(2188, 18, 'Тростянец', '5458'),
(2189, 2, 'Тростянец', '4343'),
(2190, 13, 'Тростянец', '3241'),
(2191, 13, 'Трускавец', '3247'),
(2192, 9, 'Тужилов', '3472'),
(2193, 2, 'Тульчин', '4335'),
(2194, 2, 'Турбов', '4358'),
(2195, 3, 'Турийск', '3363'),
(2196, 7, 'Турички', '3145'),
(2197, 13, 'Турка', '3269'),
(2198, 9, 'Турка', '3433'),
(2199, 7, 'Турьи реметы', '3145'),
(2200, 2, 'Тывров', '4355'),
(2201, 9, 'Тысменица', '3436'),
(2202, 2, 'Тютьки', '432'),
(2203, 7, 'Тячев', '3134'),
(2204, 5, 'Углегорск', '6252'),
(2205, 5, 'Угледар', '6273'),
(2206, 7, 'Угля', '3134'),
(2207, 13, 'Угнев', ''),
(2208, 9, 'Угорники', '3422'),
(2209, 9, 'Угринов', '3422'),
(2210, 18, 'Угроеды', '5459'),
(2211, 5, 'Удачное', ''),
(2212, 2, 'Удич', '4353'),
(2213, 17, 'Удрицк', '3658'),
(2214, 7, 'Ужгород', '312'),
(2215, 10, 'Узин', '4463'),
(2216, 10, 'Украинка', '4472'),
(2217, 5, 'Украинск', '6237'),
(2218, 1, 'Укромное', '652'),
(2219, 2, 'Уладовка', '4347'),
(2220, 2, 'Уланов', '43388'),
(2221, 22, 'Улашановка', '3842'),
(2222, 11, 'Ульяновка', '5259'),
(2223, 23, 'Умань', '4744'),
(2224, 15, 'Усатово', '4852'),
(2225, 12, 'Успенка', '6436'),
(2226, 9, 'Устерики', '3432'),
(2227, 16, 'Устивица', '5345'),
(2228, 3, 'Устилуг', '3342'),
(2229, 10, 'Устимовка', '4471'),
(2230, 11, 'Устиновка', '5239'),
(2231, 7, 'Усть-Черна', '3134'),
(2232, 20, 'Утковка', '572'),
(2233, 6, 'Ушомир', '4142'),
(2234, 7, 'Фанчиково', '3143'),
(2235, 10, 'Фастов', '4465'),
(2236, 12, 'Фащевка', '6441'),
(2237, 3, 'Федоровка', '3342'),
(2238, 1, 'Феодосия', '6562'),
(2239, 15, 'Фонтанка', '4855'),
(2240, 1, 'Фонтаны', '652'),
(2241, 1, 'Форос', '654'),
(2242, 21, 'Фрунзе', '5534'),
(2243, 12, 'Фрунзе', '6473'),
(2244, 15, 'Фрунзовка', '4860'),
(2245, 10, 'Фурсы', '4463'),
(2246, 16, 'Халтурино', '5346'),
(2247, 16, 'Халтурино', '5341'),
(2248, 5, 'Харцызск', '6257'),
(2249, 20, 'Харьков', '57'),
(2250, 11, 'Хащеватое', '6554'),
(2251, 4, 'Хащевое', '5612'),
(2252, 21, 'Херсон', '552'),
(2253, 2, 'Хижинцы', '432'),
(2254, 17, 'Хиночи', '3634'),
(2255, 13, 'Хирев', ''),
(2256, 13, 'Хишевичи', '3231'),
(2257, 15, 'Хлебодарское', '4852'),
(2258, 23, 'Хлыстуновка', '4734'),
(2259, 2, 'Хмельник', '43388'),
(2260, 22, 'Хмельницкий', '382'),
(2261, 6, 'Ходаки', '4142'),
(2262, 13, 'Ходовичи', '3245'),
(2263, 13, 'Ходоров', '3239'),
(2264, 11, 'Ходоров', '5252'),
(2265, 10, 'Ходосовка', ''),
(2266, 15, 'Холодная балка', '4852'),
(2267, 13, 'Холодноводка', '3230'),
(2268, 23, 'Холоднянское', ''),
(2269, 16, 'Хорол', '5362'),
(2270, 19, 'Хоростков', '3557'),
(2271, 20, 'Хорошево', '572'),
(2272, 18, 'Хотень', '542'),
(2273, 25, 'Хотин', '37312'),
(2274, 10, 'Хотов', '44'),
(2275, 23, 'Хрещатик', ''),
(2276, 9, 'Хриплин', '3422'),
(2277, 23, 'Христиновка', '4745'),
(2278, 4, 'Христофоровка', '564'),
(2279, 12, 'Хрящеватое', ''),
(2280, 7, 'Хуст', '3142'),
(2281, 9, 'Хутор-Будилов', ''),
(2282, 20, 'Царедаровка', '5745'),
(2283, 4, 'Царичанка', '5610'),
(2284, 23, 'Цибулев', '4746'),
(2285, 11, 'Цибулево', '6556'),
(2286, 9, 'Цинева', '3474'),
(2287, 20, 'Циркуны', '572'),
(2288, 5, 'Цукурино', '6237'),
(2289, 3, 'Цумань', '3348'),
(2290, 21, 'Цюрупинск', '5542'),
(2291, 10, 'Чабаны', '44'),
(2292, 25, 'Чагор', '3734'),
(2293, 1, 'Чайкино', '652'),
(2294, 23, 'Чапаевка', ''),
(2295, 20, 'Чапаево', '5755'),
(2296, 21, 'Чаплинка', '5538'),
(2297, 4, 'Чаплино', '93549'),
(2298, 3, 'Чаруков', '3322'),
(2299, 24, 'Часниковка', '4635'),
(2300, 5, 'Часов Яр', '6274'),
(2301, 3, 'Чемерин', '3365'),
(2302, 2, 'Чемерисы-барские', '43410'),
(2303, 22, 'Чемеровцы', '3859'),
(2304, 22, 'Червоная Зирка', '3822'),
(2305, 11, 'Червоная каменка', '5235'),
(2306, 10, 'Червоная слобода', '4478'),
(2307, 23, 'Червоная слобода', '472'),
(2308, 5, 'Червоная украина', '6297'),
(2309, 6, 'Червоноармейск', '4231'),
(2310, 15, 'Червоноармейское', '4846'),
(2311, 13, 'Червоноград', '3249'),
(2312, 6, 'Червоногранитное', '4145'),
(2313, 4, 'Червоногригоровка', '5662'),
(2314, 8, 'Червоноднепровка', '612'),
(2315, 18, 'Червоное', '5444'),
(2316, 6, 'Червоное', '4136'),
(2317, 16, 'Червонозаводское', '5356'),
(2318, 12, 'Червонопартизанск', '6434'),
(2319, 4, 'Червоные поды', '564'),
(2320, 20, 'Червоный Донец', '5749'),
(2321, 11, 'Червоный кут', '6565'),
(2322, 20, 'Черкасская Лозовая', '5763'),
(2323, 5, 'Черкасское', '6262'),
(2324, 23, 'Черкассы', '472'),
(2325, 13, 'Черляны', '3231'),
(2326, 2, 'Черневцы', '4337'),
(2327, 24, 'Чернигов', '462'),
(2328, 8, 'Черниговка', '6140'),
(2329, 23, 'Чернобай', '4739'),
(2330, 10, 'Чернобыль', '4493'),
(2331, 25, 'Черновцы', '372'),
(2332, 10, 'Черногородка', '0278'),
(2333, 2, 'Черномин', '4349'),
(2334, 1, 'Черноморское', '6558'),
(2335, 15, 'Черноморское', '4855'),
(2336, 21, 'Черноморьевка', '5536'),
(2337, 7, 'Чернотисов', '3143'),
(2338, 16, 'Чернухи', '5340'),
(2339, 22, 'Черный остров', '3822'),
(2340, 21, 'Чернянка', '5536'),
(2341, 9, 'Чернятин', '3430'),
(2342, 6, 'Черняхов', '4134'),
(2343, 11, 'Черняховка', '6565'),
(2344, 25, 'Чертория', '3736'),
(2345, 16, 'Чечелево', '5366'),
(2346, 2, 'Чечельник', '4351'),
(2347, 23, 'Чигирин', '4730'),
(2348, 6, 'Чижовка', '4141'),
(2349, 7, 'Чинадиево', '3131'),
(2350, 1, 'Чистенькое', '652'),
(2351, 1, 'Чистополье', '6557'),
(2352, 4, 'Чкаловка', '564'),
(2353, 1, 'Чкалово', '6550'),
(2354, 4, 'Чкалово', '5662'),
(2355, 21, 'Чкалово', '5548'),
(2356, 20, 'Чкаловское', '5746'),
(2357, 12, 'Чмыровка', '6461'),
(2358, 7, 'Чома', '3141'),
(2359, 7, 'Чоп', '3137'),
(2360, 6, 'Чоповичи', '4133'),
(2361, 19, 'Чортков', '3552'),
(2362, 10, 'Чубинское', '4495'),
(2363, 20, 'Чугуев', '5746'),
(2364, 6, 'Чуднов', '4139'),
(2365, 13, 'Чуква', '3236'),
(2366, 4, 'Чумаки', '562'),
(2367, 18, 'Чупаховка', '5446'),
(2368, 16, 'Чутово', '5347'),
(2369, 13, 'Шабельня', '3252'),
(2370, 15, 'Шабо', '4849'),
(2371, 7, 'Шаланки', '3143'),
(2372, 18, 'Шалыгино', '5444'),
(2373, 10, 'Шамраевка', '268'),
(2374, 2, 'Шаргород', '4344'),
(2375, 22, 'Шаровечка', '3822'),
(2376, 18, 'Шатрище', '05456'),
(2377, 6, 'Шахворостовка', '4130'),
(2378, 5, 'Шахтерск', '6255'),
(2379, 12, 'Шахтерское', '6434'),
(2380, 5, 'Шахтное', '6275'),
(2381, 3, 'Шацк', '3355'),
(2382, 6, 'Швайковка', '4143'),
(2383, 20, 'Шевченково', '5751'),
(2384, 20, 'Шевченково', '5751'),
(2385, 8, 'Шевченково', '6153'),
(2386, 15, 'Шевченково', '4843'),
(2387, 20, 'Шелестово', '5763'),
(2388, 20, 'Шелудьковка', '5747'),
(2389, 7, 'Шенборн', '3131'),
(2390, 3, 'Шепель', '3322'),
(2391, 22, 'Шепетовка', '3840'),
(2392, 11, 'Шестаковка', '6565'),
(2393, 24, 'Шестовица', '4622'),
(2394, 9, 'Шешоры', '3478'),
(2395, 10, 'Шибене', '04477'),
(2396, 2, 'Широкая гребля', '4342'),
(2397, 8, 'Широкое', '6136'),
(2398, 4, 'Широкое', '5657'),
(2399, 21, 'Широкое', '5537'),
(2400, 8, 'Широкое', '612'),
(2401, 15, 'Ширяево', '4858'),
(2402, 16, 'Шишаки', '5352'),
(2403, 10, 'Шкаровка', '4463'),
(2404, 13, 'Шкло', '3259'),
(2405, 16, 'Шкурупиевка', '5363'),
(2406, 19, 'Шляхтинцы', '352'),
(2407, 4, 'Шолохово', '5662'),
(2408, 18, 'Шостка', '5449'),
(2409, 17, 'Шпанов', '362'),
(2410, 25, 'Шпетки', '3738'),
(2411, 2, 'Шпиков', '4335'),
(2412, 23, 'Шпола', '4741'),
(2413, 23, 'Шрамковка', '4738'),
(2414, 17, 'Шубков', '362'),
(2415, 19, 'Шумск', '3558'),
(2416, 1, 'Щебетовка', '6566'),
(2417, 1, 'Щелкино', '6557'),
(2418, 16, 'Щербани', ''),
(2419, 13, 'Щирец', '3230'),
(2420, 24, 'Щорс', '4654'),
(2421, 6, 'Щорсовка', '4142'),
(2422, 21, 'Щорсовка', '5534'),
(2423, 8, 'Энергодар', '6139'),
(2424, 20, 'Эсхар', '5746'),
(2425, 4, 'Юбилейное', '562'),
(2426, 12, 'Юбилейное', '642'),
(2427, 12, 'Южная ломоватка', '6563'),
(2428, 14, 'Южноукраинск', '5136'),
(2429, 15, 'Южный', '4842'),
(2430, 2, 'Юзефо-Николаевка', '4342'),
(2431, 5, 'Юнокоммунаровск', '6252'),
(2432, 22, 'Юркивцы с.', ''),
(2433, 10, 'Юрковка', '4464'),
(2434, 10, 'Юровка с.', '44'),
(2435, 5, 'Юрьевка', '6297'),
(2436, 12, 'Юрьевка', '6436'),
(2437, 4, 'Юрьевка', ''),
(2438, 6, 'Яблонец', '4149'),
(2439, 9, 'Яблоница', '3434'),
(2440, 9, 'Яблонов', '3478'),
(2441, 13, 'Яворов', '3259'),
(2442, 10, 'Яготин', '4475'),
(2443, 5, 'Яковлевка', ''),
(2444, 2, 'Якушинцы', '432'),
(2445, 1, 'Ялта', '654'),
(2446, 5, 'Ялта', '6297'),
(2447, 2, 'Ялтушков', '43410'),
(2448, 9, 'Ямница', '3422'),
(2449, 22, 'Ямполь', '3841'),
(2450, 18, 'Ямполь', '5456'),
(2451, 2, 'Ямполь', '4336'),
(2452, 13, 'Ямполь', '3230'),
(2453, 1, 'Янтарное', '6556'),
(2454, 9, 'Яремча', '3434'),
(2455, 16, 'Яреськи', '5352'),
(2456, 22, 'Ярмолинцы', '3853'),
(2457, 23, 'Ярославка', '4741'),
(2458, 23, 'Ярошевка', '4742'),
(2459, 6, 'Ярунь', '4141'),
(2460, 12, 'Ясеновский', '6433'),
(2461, 13, 'Ясеновцы', '3265'),
(2462, 5, 'Ясиноватая', '6236'),
(2463, 7, 'Ясиня', '3122'),
(2464, 17, 'Ясногорка', '3655'),
(2465, 10, 'Ясногородка', '44'),
(2466, 1, 'Ясное', '6564');

-- --------------------------------------------------------

--
-- Структура таблицы `color`
--

CREATE TABLE IF NOT EXISTS `color` (
  `id` int(11) NOT NULL AUTO_INCREMENT,
  `name` varchar(255) NOT NULL,
  `hash` varchar(6) NOT NULL,
  PRIMARY KEY (`id`)
) ENGINE=InnoDB  DEFAULT CHARSET=utf8 AUTO_INCREMENT=21 ;

--
-- Дамп данных таблицы `color`
--

INSERT INTO `color` (`id`, `name`, `hash`) VALUES
(1, 'Белый', ''),
(2, 'Черный ', ''),
(3, 'Синий', ''),
(4, 'Серебряный', ''),
(5, 'Серый', ''),
(6, 'Асфальт', ''),
(7, 'Бежевый', ''),
(8, 'Бронзовый', ''),
(9, 'Вишневый', ''),
(10, 'Голубой', ''),
(11, 'Гранатовый', ''),
(12, 'Желтый', ''),
(13, 'Зеленый', ''),
(14, 'Золотой', ''),
(15, 'Коричневый', ''),
(16, 'Красный', ''),
(17, 'Магнолии', ''),
(18, 'Розовый', ''),
(19, 'Сафари', ''),
(20, 'Фиолетовый', '');

-- --------------------------------------------------------

--
-- Структура таблицы `comfort`
--

CREATE TABLE IF NOT EXISTS `comfort` (
  `id` int(11) NOT NULL AUTO_INCREMENT,
  `attr` varchar(255) NOT NULL,
  PRIMARY KEY (`id`)
) ENGINE=InnoDB  DEFAULT CHARSET=utf8 AUTO_INCREMENT=17 ;

--
-- Дамп данных таблицы `comfort`
--

INSERT INTO `comfort` (`id`, `attr`) VALUES
(1, 'Бортовой компьютер '),
(2, 'Датчик света '),
(3, 'Климат контроль '),
(4, 'Кожаный салон '),
(5, 'Кондиционер '),
(6, 'Круиз контроль '),
(7, 'Люк'),
(8, 'Мультируль '),
(9, 'Омыватель фар '),
(10, 'Парктроник '),
(11, 'Подогрев зеркал '),
(12, 'Подогрев сидений '),
(13, 'Сенсор дождя '),
(14, 'Усилитель руля '),
(15, 'Эл. стеклоподъемники'),
(16, 'Электропакет');

-- --------------------------------------------------------

--
-- Структура таблицы `doors`
--

CREATE TABLE IF NOT EXISTS `doors` (
  `id` int(11) NOT NULL AUTO_INCREMENT,
  `doors_count` tinyint(4) NOT NULL,
  PRIMARY KEY (`id`)
) ENGINE=InnoDB DEFAULT CHARSET=utf8 AUTO_INCREMENT=1 ;

-- --------------------------------------------------------

--
-- Структура таблицы `drive`
--

CREATE TABLE IF NOT EXISTS `drive` (
  `id` int(11) NOT NULL AUTO_INCREMENT,
  `type` varchar(255) NOT NULL,
  PRIMARY KEY (`id`)
) ENGINE=InnoDB  DEFAULT CHARSET=utf8 AUTO_INCREMENT=4 ;

--
-- Дамп данных таблицы `drive`
--

INSERT INTO `drive` (`id`, `type`) VALUES
(1, 'Задний'),
(2, 'Передний'),
(3, 'Полный');

-- --------------------------------------------------------

--
-- Структура таблицы `fuel`
--

CREATE TABLE IF NOT EXISTS `fuel` (
  `id` int(11) NOT NULL AUTO_INCREMENT,
  `type` varchar(255) NOT NULL,
  PRIMARY KEY (`id`)
) ENGINE=InnoDB  DEFAULT CHARSET=utf8 AUTO_INCREMENT=9 ;

--
-- Дамп данных таблицы `fuel`
--

INSERT INTO `fuel` (`id`, `type`) VALUES
(1, 'Бензин'),
(2, 'Газ метан'),
(3, 'Газ пропан-бутан'),
(4, 'Газ/бензин'),
(5, 'Гибрид'),
(6, 'Дизель'),
(7, 'Электро'),
(8, 'Другое');

-- --------------------------------------------------------

--
-- Структура таблицы `mark`
--

CREATE TABLE IF NOT EXISTS `mark` (
  `id` int(11) NOT NULL AUTO_INCREMENT,
  `name` varchar(255) NOT NULL,
  PRIMARY KEY (`id`)
) ENGINE=InnoDB  DEFAULT CHARSET=utf8 AUTO_INCREMENT=268 ;

--
-- Дамп данных таблицы `mark`
--

INSERT INTO `mark` (`id`, `name`) VALUES
(1, 'Acura'),
(2, 'Alfa Romeo'),
(3, 'Alpina'),
(4, 'Aro'),
(5, 'Asia'),
(6, 'Aston Martin'),
(7, 'Audi'),
(8, 'Austin'),
(9, 'Bentley'),
(10, 'BMW'),
(11, 'Brilliance'),
(12, 'Bugatti'),
(13, 'Buick'),
(14, 'BYD'),
(15, 'Cadillac'),
(16, 'Caterham'),
(17, 'ChangFeng'),
(18, 'Chery'),
(19, 'Chevrolet'),
(20, 'Chrysler'),
(21, 'Citroen'),
(22, 'Coggiola'),
(23, 'Dacia'),
(24, 'Dadi'),
(25, 'Daewoo'),
(26, 'Daihatsu'),
(27, 'Daimler'),
(28, 'Derways'),
(29, 'Dodge'),
(30, 'Dong Feng'),
(31, 'Doninvest'),
(32, 'Donkervoort'),
(33, 'Eagle'),
(34, 'FAW'),
(35, 'Ferrari'),
(36, 'Fiat'),
(37, 'Ford'),
(38, 'Geely'),
(39, 'Geo'),
(40, 'GMC'),
(41, 'Great Wall'),
(42, 'Hafei'),
(43, 'Honda'),
(44, 'HuangHai'),
(45, 'Hummer'),
(46, 'Hyundai'),
(47, 'Infiniti'),
(48, 'Iran Khodro'),
(49, 'Isuzu'),
(50, 'JAC'),
(51, 'Jaguar'),
(52, 'Jeep'),
(53, 'Kia'),
(54, 'Koenigsegg'),
(55, 'Lamborghini'),
(56, 'Lancia'),
(57, 'Land Rover'),
(58, 'Landwind'),
(59, 'Lexus'),
(60, 'Lifan'),
(61, 'Lincoln'),
(62, 'Lotus'),
(63, 'Mahindra'),
(64, 'Maruti'),
(65, 'Maserati'),
(66, 'Maybach'),
(67, 'Mazda'),
(68, 'Mercedes-Benz'),
(69, 'Mercury'),
(70, 'Metrocab'),
(71, 'MG'),
(72, 'Microcar'),
(73, 'Mini'),
(74, 'Mitsubishi'),
(75, 'Mitsuoka'),
(76, 'Morgan'),
(77, 'Nissan'),
(78, 'Oldsmobile'),
(79, 'Opel'),
(80, 'Pagani'),
(81, 'Peugeot'),
(82, 'Plymouth'),
(83, 'Pontiac'),
(84, 'Porsche'),
(85, 'Proton'),
(86, 'PUCH'),
(87, 'Renault'),
(88, 'Rolls-Royce'),
(89, 'Rover'),
(90, 'Saab'),
(91, 'Saleen'),
(92, 'Saturn'),
(93, 'Scion'),
(94, 'SEAT'),
(95, 'ShuangHuan'),
(96, 'Skoda'),
(97, 'Smart'),
(98, 'Spyker'),
(99, 'SsangYong'),
(100, 'Subaru'),
(101, 'Suzuki'),
(102, 'Tatra'),
(103, 'Tianma'),
(104, 'Tianye'),
(105, 'Toyota'),
(106, 'Trabant'),
(107, 'TVR'),
(108, 'Vector'),
(109, 'Volkswagen'),
(110, 'Volvo'),
(111, 'Wartburg'),
(112, 'Wiesmann'),
(113, 'Xin Kai'),
(114, 'ZX'),
(115, 'ВАЗ'),
(116, 'Велта'),
(117, 'ГАЗ'),
(118, 'ЗАЗ'),
(119, 'ЗИЛ'),
(120, 'ИЖ'),
(121, 'КАМАЗ'),
(122, 'ЛУАЗ'),
(123, 'Москвич'),
(124, 'СеАЗ'),
(125, 'СМЗ'),
(126, 'ТагАЗ'),
(127, 'УАЗ'),
(128, 'Kawasaki'),
(129, 'AB Yachts'),
(130, 'Abacus marine'),
(131, 'Aqua Star'),
(132, 'Baha Cruise'),
(133, 'Bestway'),
(134, 'Cortina'),
(135, 'Cruisers Yachts'),
(136, 'Futer Beach'),
(137, 'Galeon'),
(138, 'Kalipso'),
(139, 'Mariner'),
(140, 'Marsun'),
(141, 'Piranha'),
(142, 'SeaArk'),
(143, 'TAIFUN'),
(144, 'Zodiac'),
(145, 'Адмиралец'),
(146, 'Амур'),
(147, 'Волга'),
(148, 'Волна'),
(149, 'Волна'),
(151, 'ABG Titan'),
(152, 'Agco'),
(153, 'AGT'),
(154, 'Ammann'),
(155, 'Astra'),
(156, 'Atlas'),
(157, 'Aurora'),
(158, 'Bantam'),
(159, 'BCS'),
(160, 'BERKO'),
(161, 'Bizon'),
(162, 'Branson'),
(163, 'CAT Lexion'),
(164, 'ChengGong'),
(165, 'Demag'),
(166, 'Desta'),
(167, 'Deutz-Fahr'),
(168, 'Ditch Witch'),
(169, 'Eagle'),
(170, 'EP Equipment'),
(171, 'Eurocomach'),
(172, 'Fiat-Hitachi'),
(173, 'Forway'),
(174, 'Furukawa'),
(175, 'GANZ'),
(176, 'Great Plains'),
(177, 'Grove'),
(178, 'Hassia'),
(179, 'Hitachi'),
(180, 'Hoffmann'),
(181, 'Husqvarna'),
(182, 'JAC'),
(183, 'JCB'),
(184, 'Kaeser'),
(185, 'Kato'),
(186, 'Kawasaki'),
(187, 'Kobelco'),
(188, 'Komatsu'),
(189, 'Lambardini'),
(190, 'MAN'),
(191, 'O&K'),
(192, 'Pottinger'),
(193, 'SaMASZ'),
(194, 'SCHMIDT'),
(195, 'TAISHAN'),
(196, 'Universal'),
(197, 'ZT'),
(198, 'Агромаш'),
(199, 'Алтаец'),
(200, 'БДТ'),
(201, 'Бригадир'),
(202, 'Восход'),
(203, 'ДКТ'),
(204, 'Енисей'),
(205, 'КИР'),
(206, 'КИР'),
(207, 'Мотор-Сич'),
(208, 'Одессельмаш'),
(209, 'ПАГЗ'),
(210, 'Росич'),
(211, 'Ростсельмаш'),
(212, 'ТМК'),
(213, 'Фермер'),
(214, 'Фрегат'),
(215, 'ЮМЗ'),
(216, 'Abbey'),
(217, 'Abi'),
(218, 'Ackermann'),
(219, 'ADR Trailers'),
(220, 'Al-ko'),
(221, 'Ali Riza Usta'),
(222, 'Anhanger'),
(223, 'Barthau'),
(224, 'Bartoletti'),
(225, 'Berger'),
(226, 'Beyerland'),
(227, 'Bodex'),
(228, 'Brandl'),
(229, 'BRIAB'),
(230, 'BSS'),
(231, 'Caravan'),
(232, 'Cardi'),
(233, 'Cartwright'),
(234, 'CMT'),
(235, 'Compass'),
(236, 'Craven Tasker'),
(237, 'Dennison'),
(238, 'Dethleffs'),
(239, 'Dromech'),
(240, 'Feber'),
(241, 'Fromberger'),
(242, 'General Trailers'),
(243, 'GRAND'),
(244, 'Haulmark'),
(245, 'Henra'),
(246, 'Home Car'),
(247, 'Hymer'),
(248, 'Kelberg'),
(249, 'Kogel'),
(250, 'Lamberet'),
(251, 'Leveqves'),
(252, 'Maxum'),
(253, 'MEGA'),
(254, 'Montracon'),
(255, 'NARKO'),
(256, 'Nieviadov'),
(257, 'Ova'),
(258, 'Pezzaioli'),
(259, 'Rehau'),
(260, 'Rossart'),
(261, 'Schier'),
(262, 'STEMA'),
(263, 'SWIFT'),
(264, 'Techau'),
(265, 'Van Hool'),
(266, 'Wecon'),
(267, 'Zorzi');

-- --------------------------------------------------------

--
-- Структура таблицы `marks_models`
--

CREATE TABLE IF NOT EXISTS `marks_models` (
  `model_id` int(11) NOT NULL,
  `mark_id` int(11) NOT NULL
) ENGINE=InnoDB DEFAULT CHARSET=utf8;

-- --------------------------------------------------------

--
-- Структура таблицы `model`
--

CREATE TABLE IF NOT EXISTS `model` (
  `id` int(11) NOT NULL AUTO_INCREMENT,
  `name` varchar(255) NOT NULL,
  `mark_id` int(11) NOT NULL,
  `subcat_id` int(11) NOT NULL,
  PRIMARY KEY (`id`)
) ENGINE=InnoDB  DEFAULT CHARSET=utf8 AUTO_INCREMENT=1546 ;

--
-- Дамп данных таблицы `model`
--

INSERT INTO `model` (`id`, `name`, `mark_id`, `subcat_id`) VALUES
(1, 'CL', 1, 1),
(2, 'EL', 1, 1),
(3, 'Integra', 1, 1),
(4, 'MDX', 1, 2),
(5, 'NSX', 1, 4),
(6, 'RDX', 1, 4),
(7, 'RL', 1, 0),
(8, 'RSX', 1, 0),
(9, 'TL', 1, 0),
(10, 'TSX', 1, 0),
(11, '33', 2, 0),
(12, '75', 2, 0),
(13, '145', 2, 0),
(14, '146', 2, 0),
(15, '147', 2, 0),
(16, '155', 2, 0),
(17, '156', 2, 0),
(18, '159', 2, 0),
(19, '164', 2, 0),
(20, '166', 2, 0),
(21, 'Alfetta', 2, 0),
(22, 'Brera', 2, 0),
(23, 'GT', 2, 0),
(24, 'GTV', 2, 0),
(25, 'Giulietta', 2, 0),
(26, 'Spider', 2, 0),
(27, 'B11', 3, 0),
(28, 'B12', 3, 0),
(29, 'B3', 3, 0),
(30, 'B6', 3, 0),
(31, 'B7', 3, 0),
(32, 'Roadster S', 3, 0),
(33, '10', 4, 0),
(34, '24', 4, 0),
(35, 'Rocsta', 5, 0),
(36, 'DB7', 6, 6),
(37, 'DB9', 6, 6),
(38, 'DBS', 6, 6),
(39, 'V12 Vanquish', 6, 6),
(40, 'V8', 6, 1),
(41, '80', 7, 1),
(42, '90', 7, 1),
(43, '100', 7, 1),
(44, '200', 7, 1),
(45, 'A2', 7, 1),
(46, 'A3', 7, 1),
(47, 'A4', 7, 1),
(48, 'A5', 7, 1),
(49, 'A6', 7, 1),
(50, 'A8', 7, 1),
(51, 'Allroad', 7, 2),
(52, 'Cabriolet', 7, 8),
(53, 'Coupe', 7, 6),
(54, 'Q7', 7, 2),
(55, 'Quattro', 7, 1),
(56, 'R8', 7, 6),
(57, 'RS4', 7, 6),
(58, 'RS6', 7, 6),
(59, 'S2', 7, 1),
(60, 'S3', 7, 1),
(61, 'S4', 7, 1),
(62, 'S5', 7, 1),
(63, 'S6', 7, 1),
(64, 'S8', 7, 1),
(65, 'TT', 7, 6),
(66, 'V8 (D11)', 7, 1),
(67, 'Metro', 8, 0),
(68, 'Mini MK', 8, 0),
(69, 'Montego', 8, 0),
(70, 'Arnage', 9, 6),
(71, 'Azure', 9, 6),
(72, 'Brooklands', 9, 6),
(73, 'Continental', 9, 6),
(74, 'Mulsanne', 9, 1),
(75, 'Turbo R', 9, 6),
(76, '02 (E10)', 10, 1),
(77, '1er 116', 10, 1),
(78, '1er 118', 10, 1),
(79, '1er 120', 10, 1),
(80, '1er 130', 10, 1),
(81, '3er 315', 10, 1),
(82, '3er 316', 10, 1),
(83, '3er 318', 10, 1),
(84, '3er 320', 10, 1),
(85, '3er 323', 10, 1),
(86, '3er 324', 10, 1),
(87, '3er 325', 10, 1),
(88, '3er 328', 10, 1),
(89, '3er 330', 10, 1),
(90, '3er 335', 10, 1),
(91, '5er 518', 10, 1),
(92, '5er 520', 10, 1),
(93, '5er 523', 10, 1),
(94, '5er 524', 10, 1),
(95, '5er 525', 10, 1),
(96, '5er 528', 10, 1),
(97, '5er 530', 10, 1),
(98, '5er 535', 10, 1),
(99, '5er 540', 10, 1),
(100, '5er 545', 10, 1),
(101, '5er 550', 10, 1),
(102, '6er 628', 10, 1),
(103, '6er 630', 10, 1),
(104, '6er 635', 10, 1),
(105, '6er 645', 10, 1),
(106, '6er 650', 10, 1),
(107, '7er 725', 10, 1),
(108, '7er 728', 10, 1),
(109, '7er 730', 10, 1),
(110, '7er 732', 10, 1),
(111, '7er 735', 10, 1),
(112, '7er 740', 10, 1),
(113, '7er 745', 10, 1),
(114, '7er 750', 10, 1),
(115, '7er 760', 10, 1),
(116, '8er 850', 10, 1),
(117, 'M3', 10, 1),
(118, 'M5', 10, 1),
(119, 'M6', 10, 6),
(120, 'X3', 10, 2),
(121, 'X5', 10, 2),
(122, 'X6', 10, 1),
(123, 'Z1', 10, 6),
(124, 'Z3', 10, 6),
(125, 'Z3 M', 10, 6),
(126, 'Z4', 10, 6),
(127, 'Z4 M', 10, 6),
(128, 'Z8', 10, 6),
(129, 'M1', 11, 1),
(130, 'M2', 11, 1),
(131, '57 SC Atlantic', 12, 6),
(132, 'EB 16.4', 12, 6),
(133, 'Century', 13, 1),
(134, 'Enclave', 13, 1),
(135, 'LE Sabre', 13, 1),
(136, 'Park Avenue', 13, 1),
(137, 'Reatta', 13, 1),
(138, 'Rendezvous', 13, 1),
(139, 'Riviera', 13, 1),
(140, 'Roadmaster', 13, 1),
(141, 'Skylark', 13, 1),
(142, 'F3', 14, 1),
(143, 'FLYER II', 14, 1),
(144, 'BLS', 15, 1),
(145, 'CTS', 15, 6),
(146, 'Catera', 15, 1),
(147, 'DE Ville', 15, 1),
(148, 'Eldorado', 15, 1),
(149, 'Escalade', 15, 2),
(150, 'Fleetwood', 15, 1),
(151, 'SRX', 15, 1),
(152, 'STS', 15, 1),
(153, 'Seville', 15, 1),
(154, 'XLR', 15, 1),
(155, 'Super Seven', 16, 0),
(156, 'Flying', 17, 0),
(157, 'SUV', 17, 0),
(158, 'Amulet', 18, 1),
(159, 'Flagcloud', 18, 1),
(160, 'Fora', 18, 1),
(161, 'Kimo (A1)', 18, 1),
(162, 'Oriental Son', 18, 1),
(163, 'QQ6 (S21)', 18, 6),
(164, 'Sweet (QQ)', 18, 6),
(165, 'Tiggo', 18, 6),
(166, 'Alero', 19, 1),
(167, 'Astro', 19, 1),
(168, 'Avalanche', 19, 1),
(169, 'Aveo', 19, 1),
(170, 'Beretta', 19, 1),
(171, 'Blazer', 19, 1),
(172, 'C-10', 19, 1),
(173, 'Camaro', 19, 6),
(174, 'Caprice', 19, 1),
(175, 'Captiva', 19, 1),
(176, 'Cavalier', 19, 1),
(177, 'Cobalt', 19, 1),
(178, 'Colorado', 19, 1),
(179, 'Corsica', 19, 1),
(180, 'Corvette', 19, 1),
(181, 'Epica', 19, 1),
(182, 'Equinox', 19, 1),
(183, 'Evanda', 19, 1),
(184, 'Express', 19, 1),
(185, 'Geo Storm', 19, 1),
(186, 'HHR', 19, 1),
(187, 'Impala', 19, 1),
(188, 'Lacetti', 19, 1),
(189, 'Lanos', 19, 1),
(190, 'Lumina', 19, 1),
(191, 'Metro', 19, 1),
(192, 'Niva', 19, 2),
(193, 'Prizm', 19, 1),
(194, 'Rezzo', 19, 1),
(195, 'SSR', 19, 1),
(196, 'Savana', 19, 1),
(197, 'Silverado', 19, 1),
(198, 'Spark', 19, 1),
(199, 'Starcraft', 19, 1),
(200, 'Suburban', 19, 1),
(201, 'Tahoe', 19, 1),
(202, 'Tracker', 19, 2),
(203, 'Trailblazer', 19, 1),
(204, 'Uplander', 19, 2),
(205, 'Van', 19, 3),
(206, 'Venture', 19, 2),
(207, 'Viva', 19, 1),
(208, '300C', 20, 1),
(209, '300M', 20, 1),
(210, 'Aspen', 20, 1),
(211, 'Cirrus', 20, 1),
(212, 'Concorde', 20, 1),
(213, 'Crossfire', 20, 6),
(214, 'Fifth Avenue', 20, 1),
(215, 'Grand Voyager', 20, 2),
(216, 'Intrepid', 20, 1),
(217, 'LE Baron', 20, 1),
(218, 'LHS', 20, 1),
(219, 'NEW Yorker', 20, 1),
(220, 'Neon', 20, 1),
(221, 'PT Cruiser', 20, 1),
(222, 'Pacifica', 20, 1),
(223, 'Prowler', 20, 1),
(224, 'Saratoga', 20, 1),
(225, 'Sebring', 20, 1),
(226, 'Stratus', 20, 1),
(227, 'Town &amp; Country', 20, 1),
(228, 'Tracker', 20, 163),
(229, 'Vision', 20, 1),
(230, 'Voyager', 20, 2),
(231, 'AX', 21, 1),
(232, 'BX', 21, 1),
(233, 'Berlingo', 21, 4),
(234, 'C2', 21, 4),
(235, 'C25', 21, 1),
(236, 'C3', 21, 4),
(237, 'C4', 21, 4),
(238, 'C4 Picasso', 21, 4),
(239, 'C5', 21, 4),
(240, 'C6', 21, 4),
(241, 'C8', 21, 4),
(242, 'Evasion', 21, 1),
(243, 'Jumper', 21, 4),
(244, 'Jumpy', 21, 1),
(245, 'LNA', 21, 1),
(246, 'Saxo', 21, 4),
(247, 'Visa', 21, 1),
(248, 'XM', 21, 1),
(249, 'Xantia', 21, 1),
(250, 'Xsara', 21, 1),
(251, 'Xsara Picasso', 21, 1),
(252, 'ZX', 21, 1),
(253, 'T-Rex', 22, 0),
(254, '1410', 23, 0),
(255, 'City Leading', 24, 0),
(256, 'Shuttle', 24, 0),
(257, 'Damas', 25, 1),
(258, 'Espero', 25, 1),
(259, 'Evanda', 25, 1),
(260, 'Kalos', 25, 1),
(261, 'LE Mans', 25, 1),
(262, 'Lacetti', 25, 1),
(263, 'Lanos', 25, 1),
(264, 'Leganza', 25, 1),
(265, 'Magnus', 25, 1),
(266, 'Matiz', 25, 4),
(267, 'Nexia', 25, 1),
(268, 'Nubira', 25, 1),
(269, 'Prince', 25, 1),
(270, 'Racer', 25, 6),
(271, 'Rezzo', 25, 1),
(272, 'Tacuma', 25, 1),
(273, 'Tico', 25, 4),
(274, 'Altis', 26, 0),
(275, 'Applause', 26, 0),
(276, 'Atrai/extol', 26, 0),
(277, 'Be-go', 26, 0),
(278, 'Boon', 26, 0),
(279, 'Charade', 26, 0),
(280, 'Copen', 26, 0),
(281, 'Cuore', 26, 0),
(282, 'Esse', 26, 0),
(283, 'Feroza', 26, 0),
(284, 'Materia', 26, 0),
(285, 'Mira', 26, 0),
(286, 'Move', 26, 0),
(287, 'Pyzar', 26, 0),
(288, 'Rocky', 26, 0),
(289, 'Sirion', 26, 0),
(290, 'Storia', 26, 0),
(291, 'Terios', 26, 0),
(292, 'YRV', 26, 0),
(293, '2.8 - 5.3', 27, 0),
(294, 'Limousine', 27, 0),
(295, 'Aurora', 28, 0),
(296, 'Cowboy', 28, 0),
(297, 'Plutus', 28, 0),
(298, 'Shuttle', 28, 0),
(299, 'Avenger', 29, 1),
(300, 'Caliber', 29, 1),
(301, 'Caravan', 29, 2),
(302, 'Challenger', 29, 8),
(303, 'Charger', 29, 8),
(304, 'Dakota', 29, 2),
(305, 'Durango', 29, 1),
(306, 'Grand Caravan', 29, 2),
(307, 'Intrepid', 29, 1),
(308, 'Magnum', 29, 1),
(309, 'Neon', 29, 1),
(310, 'Nitro', 29, 6),
(311, 'RAM', 29, 2),
(312, 'Ramcharger', 29, 2),
(313, 'Shadow', 29, 6),
(314, 'Spirit', 29, 6),
(315, 'Stealth', 29, 1),
(316, 'Stratus', 29, 1),
(317, 'Viper', 29, 4),
(318, 'MPV', 30, 0),
(319, 'Assol', 31, 0),
(320, 'Kondor', 31, 0),
(321, 'Orion', 31, 0),
(322, 'D8', 32, 0),
(323, 'Talon', 33, 0),
(324, 'Vision', 33, 0),
(325, 'Admiral', 34, 0),
(326, 'Jinn', 34, 0),
(327, 'Vita', 34, 0),
(328, '360', 35, 6),
(329, '430', 35, 6),
(330, '599', 35, 6),
(331, '612 Scaglietti', 35, 6),
(332, 'California', 35, 6),
(333, 'Enzo', 35, 6),
(334, 'F355', 35, 6),
(335, 'Maranello', 35, 6),
(336, 'Mondial', 35, 6),
(337, 'Testarossa', 35, 6),
(338, '131', 36, 1),
(339, 'Albea', 36, 1),
(340, 'Barchetta', 36, 1),
(341, 'Brava', 36, 1),
(342, 'Bravo', 36, 1),
(343, 'Cinquecento', 36, 1),
(344, 'Coupe', 36, 6),
(345, 'Croma', 36, 4),
(346, 'Doblo', 36, 7),
(347, 'Fiorino', 36, 1),
(348, 'Marea', 36, 4),
(349, 'Multipla', 36, 4),
(350, 'New 500', 36, 1),
(351, 'Palio', 36, 6),
(352, 'Panda', 36, 4),
(353, 'Punto', 36, 4),
(354, 'Regata', 36, 1),
(355, 'Ritmo', 36, 1),
(356, 'Sedici', 36, 4),
(357, 'Seicento', 36, 1),
(358, 'Stilo', 36, 1),
(359, 'Tempra', 36, 4),
(360, 'Tipo', 36, 4),
(361, 'UNO', 36, 4),
(362, 'Ulysse', 36, 4),
(363, 'X 1/9', 36, 4),
(364, 'Aerostar', 37, 0),
(365, 'Bronco', 37, 0),
(366, 'C-MAX', 37, 0),
(367, 'Capri', 37, 0),
(368, 'Contour', 37, 0),
(369, 'Cougar', 37, 0),
(370, 'Crown Victoria', 37, 0),
(371, 'Econoline', 37, 0),
(372, 'Edge', 37, 0),
(373, 'Escape', 37, 0),
(374, 'Escort', 37, 0),
(375, 'Excursion', 37, 0),
(376, 'Expedition', 37, 0),
(377, 'Explorer', 37, 0),
(378, 'F-150', 37, 0),
(379, 'Fiesta', 37, 0),
(380, 'Fiesta ST', 37, 0),
(381, 'Five Hundred', 37, 0),
(382, 'Focus', 37, 0),
(383, 'Focus ST', 37, 0),
(384, 'Freestyle', 37, 0),
(385, 'Fusion', 37, 0),
(386, 'Fusion (USA)', 37, 0),
(387, 'GT', 37, 0),
(388, 'Galaxy', 37, 0),
(389, 'Granada', 37, 0),
(390, 'Granada (USA)', 37, 0),
(391, 'KA', 37, 0),
(392, 'Kuga', 37, 0),
(393, 'Maverick', 37, 0),
(394, 'Mondeo', 37, 0),
(395, 'Mustang', 37, 0),
(396, 'Orion', 37, 0),
(397, 'Probe', 37, 0),
(398, 'Puma', 37, 0),
(399, 'Ranger', 37, 0),
(400, 'S-MAX', 37, 0),
(401, 'Scorpio', 37, 0),
(402, 'Shelby', 37, 0),
(403, 'Sierra', 37, 0),
(404, 'Taunus', 37, 0),
(405, 'Taurus', 37, 0),
(406, 'Tempo', 37, 0),
(407, 'Thunderbird', 37, 0),
(408, 'Tourneo Connect', 37, 0),
(409, 'Windstar', 37, 0),
(410, 'MK', 38, 0),
(411, 'Otaka', 38, 0),
(412, 'Metro', 39, 0),
(413, 'Prizm', 39, 0),
(414, 'Storm', 39, 0),
(415, 'Tracker', 39, 0),
(416, 'Acadia', 40, 0),
(417, 'Envoy', 40, 0),
(418, 'Jimmy', 40, 0),
(419, 'Safari', 40, 0),
(420, 'Savana', 40, 0),
(421, 'Sierra', 40, 0),
(422, 'Sonoma', 40, 0),
(423, 'Yukon', 40, 0),
(424, 'suburban', 40, 0),
(425, 'Deer', 41, 0),
(426, 'Hover', 41, 0),
(427, 'SUV', 41, 0),
(428, 'Safe', 41, 0),
(429, 'Sailor', 41, 0),
(430, 'Socool', 41, 0),
(431, 'Wingle', 41, 0),
(432, 'Brio', 42, 0),
(433, 'Princip', 42, 0),
(434, 'Simbo', 42, 0),
(435, 'Accord', 43, 0),
(436, 'Airwave', 43, 0),
(437, 'Avancier', 43, 0),
(438, 'CR-V', 43, 0),
(439, 'CRX', 43, 0),
(440, 'Capa', 43, 0),
(441, 'City', 43, 0),
(442, 'Civic', 43, 0),
(443, 'Civic Shuttle', 43, 0),
(444, 'Concerto', 43, 0),
(445, 'Domani', 43, 0),
(446, 'Edix', 43, 0),
(447, 'Element', 43, 0),
(448, 'FIT', 43, 0),
(449, 'FR-V', 43, 0),
(450, 'Fit Aria', 43, 0),
(451, 'Hr-v', 43, 0),
(452, 'Insight', 43, 0),
(453, 'Inspire', 43, 0),
(454, 'Integra', 43, 0),
(455, 'Jazz', 43, 0),
(456, 'Legend', 43, 0),
(457, 'Life', 43, 0),
(458, 'Logo', 43, 0),
(459, 'Mobilio', 43, 0),
(460, 'NSX', 43, 0),
(461, 'Odyssey', 43, 0),
(462, 'Orthia', 43, 0),
(463, 'Partner', 43, 0),
(464, 'Passport', 43, 0),
(465, 'Pilot', 43, 0),
(466, 'Prelude', 43, 0),
(467, 'Rafaga', 43, 0),
(468, 'Ridgeline', 43, 0),
(469, 'S2000', 43, 0),
(470, 'Saber', 43, 0),
(471, 'Shuttle', 43, 0),
(472, 'Sm-x', 43, 0),
(473, 'Stepwgn', 43, 0),
(474, 'Stream', 43, 0),
(475, 'Torneo', 43, 0),
(476, 'Vamos', 43, 0),
(477, 'Vigor', 43, 0),
(478, 'Z', 43, 0),
(479, 'Antelope', 44, 0),
(480, 'Hummer', 45, 0),
(481, 'Hummer H1', 45, 0),
(482, 'Hummer H2', 45, 0),
(483, 'Hummer H3', 45, 0),
(484, 'Accent', 46, 0),
(485, 'Atos', 46, 0),
(486, 'Coupe', 46, 0),
(487, 'Elantra', 46, 0),
(488, 'Galloper', 46, 0),
(489, 'Getz', 46, 0),
(490, 'Grandeur', 46, 0),
(491, 'H-1 Starex', 46, 0),
(492, 'H100', 46, 0),
(493, 'Lavita', 46, 0),
(494, 'Marcia', 46, 0),
(495, 'Matrix', 46, 0),
(496, 'NF', 46, 0),
(497, 'Pony', 46, 0),
(498, 'S-Coupe', 46, 0),
(499, 'Santa FE', 46, 0),
(500, 'Santamo', 46, 0),
(501, 'Sonata', 46, 0),
(502, 'Terracan', 46, 0),
(503, 'Tiburon', 46, 0),
(504, 'Trajet', 46, 0),
(505, 'Tucson', 46, 0),
(506, 'Tuscani', 46, 0),
(507, 'Veracruz', 46, 0),
(508, 'Verna', 46, 0),
(509, 'XG', 46, 0),
(510, 'EX', 47, 0),
(511, 'FX 35', 47, 0),
(512, 'FX 45', 47, 0),
(513, 'FX 50', 47, 0),
(514, 'G35', 47, 0),
(515, 'G37', 47, 0),
(516, 'I30', 47, 0),
(517, 'I35', 47, 0),
(518, 'J30', 47, 0),
(519, 'M35', 47, 0),
(520, 'M45', 47, 0),
(521, 'Q45', 47, 0),
(522, 'QX4', 47, 0),
(523, 'QX56', 47, 0),
(524, 'Samand', 48, 0),
(525, 'Ascender', 49, 0),
(526, 'Aska', 49, 0),
(527, 'Axiom', 49, 0),
(528, 'Bighorn', 49, 0),
(529, 'Gemini', 49, 0),
(530, 'Impulse', 49, 0),
(531, 'Rodeo', 49, 0),
(532, 'Trooper', 49, 0),
(533, 'VehiCross', 49, 0),
(534, 'Wizard', 49, 0),
(535, 'Refine', 50, 0),
(536, 'Rein', 50, 0),
(537, 'E-type', 51, 0),
(538, 'S-type', 51, 0),
(539, 'X-type', 51, 0),
(540, 'XF', 51, 0),
(541, 'XJ', 51, 0),
(542, 'XJR', 51, 0),
(543, 'XJS Coupe', 51, 0),
(544, 'XJSc Convertible', 51, 0),
(545, 'XK 8', 51, 0),
(546, 'XKR', 51, 0),
(547, 'CJ5 - CJ8', 52, 0),
(548, 'Cherokee', 52, 0),
(549, 'Commander', 52, 0),
(550, 'Compass', 52, 0),
(551, 'Grand Cherokee', 52, 0),
(552, 'Liberty', 52, 0),
(553, 'Patriot', 52, 0),
(554, 'Wrangler', 52, 0),
(555, 'Avella', 53, 0),
(556, 'Besta', 53, 0),
(557, 'Borrego', 53, 0),
(558, 'Capital', 53, 0),
(559, 'Carens', 53, 0),
(560, 'Carnival', 53, 0),
(561, 'Cee&#039;d', 53, 0),
(562, 'Cerato', 53, 0),
(563, 'Clarus', 53, 0),
(564, 'Joice', 53, 0),
(565, 'Magentis', 53, 0),
(566, 'Opirus', 53, 0),
(567, 'Optima', 53, 0),
(568, 'Picanto', 53, 0),
(569, 'Potentia', 53, 0),
(570, 'Pregio', 53, 0),
(571, 'Pride', 53, 0),
(572, 'Retona', 53, 0),
(573, 'Rio', 53, 0),
(574, 'Sedona', 53, 0),
(575, 'Sephia', 53, 0),
(576, 'Shuma', 53, 0),
(577, 'Sorento', 53, 0),
(578, 'Spectra', 53, 0),
(579, 'Sportage', 53, 0),
(580, 'Visto', 53, 0),
(581, 'CC', 54, 0),
(582, 'Diablo', 55, 0),
(583, 'Espada', 55, 0),
(584, 'Gallardo', 55, 0),
(585, 'Murcielago', 55, 0),
(586, 'Beta', 56, 0),
(587, 'Dedra', 56, 0),
(588, 'Delta', 56, 0),
(589, 'Kappa', 56, 0),
(590, 'Lybra', 56, 0),
(591, 'Phedra', 56, 0),
(592, 'Thema', 56, 0),
(593, 'Thesis', 56, 0),
(594, 'Y', 56, 0),
(595, '90/110', 57, 0),
(596, 'Defender', 57, 0),
(597, 'Discovery', 57, 0),
(598, 'Freelander', 57, 0),
(599, 'Land Rover', 57, 0),
(600, 'Range Rover', 57, 0),
(601, 'Range Rover Sport', 57, 0),
(602, 'Double Gate', 58, 0),
(603, 'SUV', 58, 0),
(604, 'ES 300', 59, 0),
(605, 'ES 330', 59, 0),
(606, 'ES 350', 59, 0),
(607, 'GS 300', 59, 0),
(608, 'GS 350', 59, 0),
(609, 'GS 400', 59, 0),
(610, 'GS 430', 59, 0),
(611, 'GS 450h', 59, 0),
(612, 'GS 460', 59, 0),
(613, 'GX', 59, 0),
(614, 'IS 200', 59, 0),
(615, 'IS 250', 59, 0),
(616, 'IS 300', 59, 0),
(617, 'IS 350', 59, 0),
(618, 'IS-F', 59, 0),
(619, 'LS 400', 59, 0),
(620, 'LS 430', 59, 0),
(621, 'LS 460', 59, 0),
(622, 'LS 600', 59, 0),
(623, 'LX 450', 59, 0),
(624, 'LX 470', 59, 0),
(625, 'LX 570', 59, 0),
(626, 'RX 300', 59, 0),
(627, 'RX 330', 59, 0),
(628, 'RX 350', 59, 0),
(629, 'RX 400h', 59, 0),
(630, 'SC 300', 59, 0),
(631, 'SC 400', 59, 0),
(632, 'SC 430', 59, 0),
(633, 'Breez (520)', 60, 0),
(634, 'Aviator', 61, 0),
(635, 'Continental', 61, 0),
(636, 'LS', 61, 0),
(637, 'MKX', 61, 0),
(638, 'MKZ', 61, 0),
(639, 'name', 61, 0),
(640, 'name LT', 61, 0),
(641, 'Navigator', 61, 0),
(642, 'Town Car', 61, 0),
(643, 'Zephyr', 61, 0),
(644, 'Elise', 62, 0),
(645, 'Exige', 62, 0),
(646, 'Super 7', 62, 0),
(647, 'Marshal', 63, 0),
(648, 'Alto', 64, 0),
(649, '228', 65, 0),
(650, '3200 GT', 65, 0),
(651, '4300 GT Coupe', 65, 0),
(652, 'Biturbo', 65, 0),
(653, 'Coupe', 65, 0),
(654, 'GranSport', 65, 0),
(655, 'GranTurismo', 65, 0),
(656, 'Quattroporte', 65, 0),
(657, 'Spyder', 65, 0),
(658, 'Maybach 57 S и Maybach 62 S', 66, 0),
(659, 'Maybach 57 и Maybach 62', 66, 0),
(660, '121', 67, 0),
(661, '323', 67, 0),
(662, '626', 67, 0),
(663, '929', 67, 0),
(664, 'Atenza', 67, 0),
(665, 'Axela', 67, 0),
(666, 'Az-wagon', 67, 0),
(667, 'B-serie', 67, 0),
(668, 'BT-50', 67, 0),
(669, 'Bongo', 67, 0),
(670, 'CX-7', 67, 0),
(671, 'CX-9', 67, 0),
(672, 'Capella', 67, 0),
(673, 'Carol', 67, 0),
(674, 'Demio', 67, 0),
(675, 'E 2000,2200 Bus', 67, 0),
(676, 'Eunos 500', 67, 0),
(677, 'Eunos Cosmo', 67, 0),
(678, 'Familia', 67, 0),
(679, 'Lantis', 67, 0),
(680, 'Levante', 67, 0),
(681, 'Luce', 67, 0),
(682, 'MPV', 67, 0),
(683, 'Mazda 2', 67, 0),
(684, 'Mazda 3', 67, 0),
(685, 'Mazda 3 MPS', 67, 0),
(686, 'Mazda 5', 67, 0),
(687, 'Mazda 6', 67, 0),
(688, 'Mazda 6 MPS', 67, 0),
(689, 'Millenia', 67, 0),
(690, 'Mx-3', 67, 0),
(691, 'Mx-5', 67, 0),
(692, 'Mx-6', 67, 0),
(693, 'Premacy', 67, 0),
(694, 'Protege', 67, 0),
(695, 'RX 7', 67, 0),
(696, 'Roadster', 67, 0),
(697, 'Rx-8', 67, 0),
(698, 'Tribute', 67, 0),
(699, 'Verisa', 67, 0),
(700, 'Xedos 6', 67, 0),
(701, 'Xedos 9', 67, 0),
(702, ' Cabrio', 68, 0),
(703, ' Coupe', 68, 0),
(704, ' T-mod.', 68, 0),
(705, '/8', 68, 0),
(706, '190', 68, 0),
(707, '200', 68, 0),
(708, '220', 68, 0),
(709, '230', 68, 0),
(710, '240', 68, 0),
(711, '250', 68, 0),
(712, '260', 68, 0),
(713, '280', 68, 0),
(714, '300', 68, 0),
(715, '500', 68, 0),
(716, 'A-klasse A 140', 68, 0),
(717, 'A-klasse A 150', 68, 0),
(718, 'A-klasse A 160', 68, 0),
(719, 'A-klasse A 170', 68, 0),
(720, 'A-klasse A 180', 68, 0),
(721, 'A-klasse A 190', 68, 0),
(722, 'A-klasse A 200', 68, 0),
(723, 'A-klasse A 210', 68, 0),
(724, 'B-klasse B 170', 68, 0),
(725, 'B-klasse B 180', 68, 0),
(726, 'B-klasse B 200', 68, 0),
(727, 'C-klasse C 180', 68, 0),
(728, 'C-klasse C 200', 68, 0),
(729, 'C-klasse C 220', 68, 0),
(730, 'C-klasse C 230', 68, 0),
(731, 'C-klasse C 240', 68, 0),
(732, 'C-klasse C 250', 68, 0),
(733, 'C-klasse C 270', 68, 0),
(734, 'C-klasse C 280', 68, 0),
(735, 'C-klasse C 32 AMG', 68, 0),
(736, 'C-klasse C 320', 68, 0),
(737, 'C-klasse C 350', 68, 0),
(738, 'C-klasse C 36 AMG', 68, 0),
(739, 'C-klasse C 55 AMG', 68, 0),
(740, 'C-klasse C 63 AMG', 68, 0),
(741, 'CL-Klasse CL 420', 68, 0),
(742, 'CL-Klasse CL 500', 68, 0),
(743, 'CL-Klasse CL 55 AMG', 68, 0),
(744, 'CL-Klasse CL 600', 68, 0),
(745, 'CL-Klasse CL 63 AMG', 68, 0),
(746, 'CL-Klasse CL 65 AMG', 68, 0),
(747, 'CLC-klasse CLC 220 CDI', 68, 0),
(748, 'CLK-klasse CLK 200', 68, 0),
(749, 'CLK-klasse CLK 220', 68, 0),
(750, 'CLK-klasse CLK 230', 68, 0),
(751, 'CLK-klasse CLK 240', 68, 0),
(752, 'CLK-klasse CLK 270', 68, 0),
(753, 'CLK-klasse CLK 320', 68, 0),
(754, 'CLK-klasse CLK 350', 68, 0),
(755, 'CLK-klasse CLK 430', 68, 0),
(756, 'CLK-klasse CLK 500', 68, 0),
(757, 'CLK-klasse CLK 55 AMG', 68, 0),
(758, 'CLK-klasse CLK 63 AMG', 68, 0),
(759, 'CLS-klasse CLS 320', 68, 0),
(760, 'CLS-klasse CLS 350', 68, 0),
(761, 'CLS-klasse CLS 500', 68, 0),
(762, 'CLS-klasse CLS 55 AMG', 68, 0),
(763, 'CLS-klasse CLS 63 AMG', 68, 0),
(764, 'E-klasse E 200', 68, 0),
(765, 'E-klasse E 220', 68, 0),
(766, 'E-klasse E 230', 68, 0),
(767, 'E-klasse E 240', 68, 0),
(768, 'E-klasse E 250', 68, 0),
(769, 'E-klasse E 270', 68, 0),
(770, 'E-klasse E 280', 68, 0),
(771, 'E-klasse E 290', 68, 0),
(772, 'E-klasse E 300', 68, 0),
(773, 'E-klasse E 320', 68, 0),
(774, 'E-klasse E 350', 68, 0),
(775, 'E-klasse E 400', 68, 0),
(776, 'E-klasse E 420', 68, 0),
(777, 'E-klasse E 430', 68, 0),
(778, 'E-klasse E 50 AMG', 68, 0),
(779, 'E-klasse E 500', 68, 0),
(780, 'E-klasse E 55 AMG', 68, 0),
(781, 'E-klasse E 63 AMG', 68, 0),
(782, 'G-Klasse G 230', 68, 0),
(783, 'G-Klasse G 250', 68, 0),
(784, 'G-Klasse G 270', 68, 0),
(785, 'G-Klasse G 280', 68, 0),
(786, 'G-Klasse G 290', 68, 0),
(787, 'G-Klasse G 300', 68, 0),
(788, 'G-Klasse G 320', 68, 0),
(789, 'G-Klasse G 350', 68, 0),
(790, 'G-Klasse G 400', 68, 0),
(791, 'G-Klasse G 500', 68, 0),
(792, 'G-Klasse G 55 AMG', 68, 0),
(793, 'GL-klasse GL 320', 68, 0),
(794, 'GL-klasse GL 420', 68, 0),
(795, 'GL-klasse GL 450', 68, 0),
(796, 'GL-klasse GL 500', 68, 0),
(797, 'GL-klasse GL 550', 68, 0),
(798, 'M-klasse ML 230', 68, 0),
(799, 'M-klasse ML 270', 68, 0),
(800, 'M-klasse ML 280', 68, 0),
(801, 'M-klasse ML 320', 68, 0),
(802, 'M-klasse ML 350', 68, 0),
(803, 'M-klasse ML 400', 68, 0),
(804, 'M-klasse ML 430', 68, 0),
(805, 'M-klasse ML 500', 68, 0),
(806, 'M-klasse ML 55 AMG', 68, 0),
(807, 'M-klasse ML 63 AMG', 68, 0),
(808, 'Pullmann', 68, 0),
(809, 'R-klasse', 68, 0),
(810, 'R-klasse R 320', 68, 0),
(811, 'R-klasse R 350', 68, 0),
(812, 'R-klasse R 500', 68, 0),
(813, 'S-klasse S 260', 68, 0),
(814, 'S-klasse S 280', 68, 0),
(815, 'S-klasse S 300', 68, 0),
(816, 'S-klasse S 320', 68, 0),
(817, 'S-klasse S 350', 68, 0),
(818, 'S-klasse S 380', 68, 0),
(819, 'S-klasse S 400', 68, 0),
(820, 'S-klasse S 420', 68, 0),
(821, 'S-klasse S 430', 68, 0),
(822, 'S-klasse S 450', 68, 0),
(823, 'S-klasse S 500', 68, 0),
(824, 'S-klasse S 55 AMG', 68, 0),
(825, 'S-klasse S 550', 68, 0),
(826, 'S-klasse S 560', 68, 0),
(827, 'S-klasse S 600', 68, 0),
(828, 'S-klasse S 65 AMG', 68, 0),
(829, 'SL-klasse SL 280', 68, 0),
(830, 'SL-klasse SL 300', 68, 0),
(831, 'SL-klasse SL 320', 68, 0),
(832, 'SL-klasse SL 350', 68, 0),
(833, 'SL-klasse SL 380', 68, 0),
(834, 'SL-klasse SL 420', 68, 0),
(835, 'SL-klasse SL 450', 68, 0),
(836, 'SL-klasse SL 500', 68, 0),
(837, 'SL-klasse SL 55 AMG', 68, 0),
(838, 'SL-klasse SL 600', 68, 0),
(839, 'SL-klasse SL 63 AMG', 68, 0),
(840, 'SL-klasse SL 65 AMG', 68, 0),
(841, 'SLK-klasse SLK 200', 68, 0),
(842, 'SLK-klasse SLK 230', 68, 0),
(843, 'SLK-klasse SLK 280', 68, 0),
(844, 'SLK-klasse SLK 32 AMG', 68, 0),
(845, 'SLK-klasse SLK 320', 68, 0),
(846, 'SLK-klasse SLK 350', 68, 0),
(847, 'SLK-klasse SLK 55 AMG', 68, 0),
(848, 'SLR McLaren', 68, 0),
(849, 'V-klasse V 200', 68, 0),
(850, 'V-klasse V 220', 68, 0),
(851, 'V-klasse V 230', 68, 0),
(852, 'V-klasse V 280', 68, 0),
(853, 'Vaneo', 68, 0),
(854, 'Viano', 68, 0),
(855, 'Capri', 69, 0),
(856, 'Cougar', 69, 0),
(857, 'Grand Marquis', 69, 0),
(858, 'Mariner', 69, 0),
(859, 'Montego', 69, 0),
(860, 'Mountaineer', 69, 0),
(861, 'Mystique', 69, 0),
(862, 'Sable', 69, 0),
(863, 'Topaz', 69, 0),
(864, 'Tracer', 69, 0),
(865, 'Villager', 69, 0),
(866, 'Taxi  (II -series)', 70, 0),
(867, 'MGB', 71, 0),
(868, 'MGF', 71, 0),
(869, 'TF', 71, 0),
(870, 'ZR', 71, 0),
(871, 'ZT', 71, 0),
(872, 'MC1', 72, 0),
(873, 'Clubman', 73, 0),
(874, 'Cooper', 73, 0),
(875, 'One', 73, 0),
(876, '3000 GT', 74, 0),
(877, 'Airtrek', 74, 0),
(878, 'Aspire', 74, 0),
(879, 'Carisma', 74, 0),
(880, 'Challenger', 74, 0),
(881, 'Chariot', 74, 0),
(882, 'Colt', 74, 0),
(883, 'Debonair', 74, 0),
(884, 'Delica', 74, 0),
(885, 'Diamante', 74, 0),
(886, 'Dingo', 74, 0),
(887, 'Dion', 74, 0),
(888, 'EK Wagon', 74, 0),
(889, 'Eclipse', 74, 0),
(890, 'Emeraude', 74, 0),
(891, 'Endeavor', 74, 0),
(892, 'FTO', 74, 0),
(893, 'GTO', 74, 0),
(894, 'Galant', 74, 0),
(895, 'Grandis', 74, 0),
(896, 'L 200', 74, 0),
(897, 'Lancer', 74, 0),
(898, 'Lancer', 74, 0),
(899, 'Lancer Cedia', 74, 0),
(900, 'Lancer Evolution', 74, 0),
(901, 'Legnum', 74, 0),
(902, 'Libero', 74, 0),
(903, 'Minica', 74, 0),
(904, 'Mirage', 74, 0),
(905, 'Montero', 74, 0),
(906, 'Montero Sport', 74, 0),
(907, 'Outlander', 74, 0),
(908, 'Pajero', 74, 0),
(909, 'Pajero Sport', 74, 0),
(910, 'RVR', 74, 0),
(911, 'Sapporo', 74, 0),
(912, 'Sigma', 74, 0),
(913, 'Space Gear', 74, 0),
(914, 'Space Runner', 74, 0),
(915, 'Space Star', 74, 0),
(916, 'Space Wagon', 74, 0),
(917, 'Starion', 74, 0),
(918, 'Town BOX', 74, 0),
(919, 'i', 74, 0),
(920, 'Galue', 75, 0),
(921, 'Le-Sayde', 75, 0),
(922, 'Le-Seyde', 75, 0),
(923, 'Aero 8', 76, 0),
(924, '100 NX', 77, 0),
(925, '200 SX', 77, 0),
(926, '300 ZX', 77, 0),
(927, '350Z', 77, 0),
(928, 'AD', 77, 0),
(929, 'Almera', 77, 0),
(930, 'Almera Classic', 77, 0),
(931, 'Almera Tino', 77, 0),
(932, 'Altima', 77, 0),
(933, 'Armada', 77, 0),
(934, 'Avenir', 77, 0),
(935, 'Bassara', 77, 0),
(936, 'Bluebird', 77, 0),
(937, 'Cedric', 77, 0),
(938, 'Cefiro', 77, 0),
(939, 'Cherry', 77, 0),
(940, 'Cima', 77, 0),
(941, 'Cube', 77, 0),
(942, 'Datsun', 77, 0),
(943, 'Elgrand', 77, 0),
(944, 'Expert', 77, 0),
(945, 'Fairlady', 77, 0),
(946, 'Frontier', 77, 0),
(947, 'Fuga', 77, 0),
(948, 'GT-R', 77, 0),
(949, 'Gloria', 77, 0),
(950, 'King Cab', 77, 0),
(951, 'Lafesta', 77, 0),
(952, 'Largo', 77, 0),
(953, 'Laurel', 77, 0),
(954, 'Leopard', 77, 0),
(955, 'Liberty', 77, 0),
(956, 'Lucino', 77, 0),
(957, 'March', 77, 0),
(958, 'Maxima', 77, 0),
(959, 'Micra', 77, 0),
(960, 'Mistral', 77, 0),
(961, 'Moco', 77, 0),
(962, 'Murano', 77, 0),
(963, 'Navara', 77, 0),
(964, 'Note', 77, 0),
(965, 'Pathfinder', 77, 0),
(966, 'Patrol', 77, 0),
(967, 'Pick UP', 77, 0),
(968, 'Prairie', 77, 0),
(969, 'Presage', 77, 0),
(970, 'Presea', 77, 0),
(971, 'Primera', 77, 0),
(972, 'Pulsar', 77, 0),
(973, 'Qashqai', 77, 0),
(974, 'Quest', 77, 0),
(975, 'R Nessa', 77, 0),
(976, 'Rasheen', 77, 0),
(977, 'Rogue', 77, 0),
(978, 'Safari', 77, 0),
(979, 'Sentra', 77, 0),
(980, 'Serena', 77, 0),
(981, 'Silvia', 77, 0),
(982, 'Skyline', 77, 0),
(983, 'Stagea', 77, 0),
(984, 'Stanza', 77, 0),
(985, 'Sunny', 77, 0),
(986, 'Teana', 77, 0),
(987, 'Terrano', 77, 0),
(988, 'Tiida', 77, 0),
(989, 'Tino', 77, 0),
(990, 'Titan', 77, 0),
(991, 'Urvan', 77, 0),
(992, 'Vanette', 77, 0),
(993, 'Wingroad', 77, 0),
(994, 'X-Terra', 77, 0),
(995, 'X-Trail', 77, 0),
(996, 'Achieva', 78, 0),
(997, 'Alero', 78, 0),
(998, 'Aurora', 78, 0),
(999, 'Bravada', 78, 0),
(1000, 'Cutlass', 78, 0),
(1001, 'Silhouette', 78, 0),
(1002, 'Agila', 79, 0),
(1003, 'Antara', 79, 0),
(1004, 'Ascona', 79, 0),
(1005, 'Astra', 79, 0),
(1006, 'Astra OPC', 79, 0),
(1007, 'Calibra', 79, 0),
(1008, 'Campo', 79, 0),
(1009, 'Combo', 79, 0),
(1010, 'Commodore', 79, 0),
(1011, 'Corsa', 79, 0),
(1012, 'Corsa OPC', 79, 0),
(1013, 'Frontera', 79, 0),
(1014, 'GT', 79, 0),
(1015, 'Kadett', 79, 0),
(1016, 'Manta', 79, 0),
(1017, 'Meriva', 79, 0),
(1018, 'Monterey', 79, 0),
(1019, 'Movano', 79, 0),
(1020, 'Omega', 79, 0),
(1021, 'Rekord', 79, 0),
(1022, 'Senator', 79, 0),
(1023, 'Signum', 79, 0),
(1024, 'Sintra', 79, 0),
(1025, 'Speedster', 79, 0),
(1026, 'Tigra', 79, 0),
(1027, 'Vectra', 79, 0),
(1028, 'Vita', 79, 0),
(1029, 'Zafira', 79, 0),
(1030, 'Zonda C12', 80, 0),
(1031, '106', 81, 0),
(1032, '107', 81, 0),
(1033, '205', 81, 0),
(1034, '206', 81, 0),
(1035, '207', 81, 0),
(1036, '305', 81, 0),
(1037, '306', 81, 0),
(1038, '307', 81, 0),
(1039, '308', 81, 0),
(1040, '309', 81, 0),
(1041, '405', 81, 0),
(1042, '406', 81, 0),
(1043, '407', 81, 0),
(1044, '605', 81, 0),
(1045, '607', 81, 0),
(1046, '806', 81, 0),
(1047, '807', 81, 0),
(1048, '1007', 81, 0),
(1049, '4007', 81, 0),
(1050, 'Acclaim', 82, 0),
(1051, 'Breeze', 82, 0),
(1052, 'Grand Voyager', 82, 0),
(1053, 'Laser', 82, 0),
(1054, 'Neon', 82, 0),
(1055, 'Prowler', 82, 0),
(1056, 'Sundance', 82, 0),
(1057, 'Voyager', 82, 0),
(1058, '6000', 83, 0),
(1059, 'Aztec', 83, 0),
(1060, 'Bonneville', 83, 0),
(1061, 'Firebird', 83, 0),
(1062, 'GTO', 83, 0),
(1063, 'Grand AM', 83, 0),
(1064, 'Grand Prix', 83, 0),
(1065, 'Phoenix', 83, 0),
(1066, 'Solstige', 83, 0),
(1067, 'Sunbird', 83, 0),
(1068, 'Sunfire', 83, 0),
(1069, 'Trans Sport', 83, 0),
(1070, 'Vibe', 83, 0),
(1071, '911', 84, 0),
(1072, '924', 84, 0),
(1073, '928', 84, 0),
(1074, '944', 84, 0),
(1075, '968', 84, 0),
(1076, 'Boxster', 84, 0),
(1077, 'Carrera GT', 84, 0),
(1078, 'Cayenne', 84, 0),
(1079, 'Cayman', 84, 0),
(1080, 'Persona 300 Compact', 85, 0),
(1081, 'Persona 400', 85, 0),
(1082, 'G-namel', 86, 0),
(1083, 'Pinzgauer', 86, 0),
(1084, '5', 87, 0),
(1085, '9', 87, 0),
(1086, '11', 87, 0),
(1087, '18', 87, 0),
(1088, '19', 87, 0),
(1089, '20', 87, 0),
(1090, '21', 87, 0),
(1091, '25', 87, 0),
(1092, 'Avantime', 87, 0),
(1093, 'Clio', 87, 0),
(1094, 'Clio Symbol', 87, 0),
(1095, 'Espace', 87, 0),
(1096, 'Fuego', 87, 0),
(1097, 'Grand Scenic', 87, 0),
(1098, 'Kangoo Express', 87, 0),
(1099, 'Kangoo Passenger', 87, 0),
(1100, 'Laguna', 87, 0),
(1101, 'Logan', 87, 0),
(1102, 'Master', 87, 0),
(1103, 'Megane', 87, 0),
(1104, 'Modus', 87, 0),
(1105, 'Rapid', 87, 0),
(1106, 'Safrane', 87, 0),
(1107, 'Scenic', 87, 0),
(1108, 'Scenic RX', 87, 0),
(1109, 'Super 5', 87, 0),
(1110, 'Symbol', 87, 0),
(1111, 'Trafic', 87, 0),
(1112, 'Twingo', 87, 0),
(1113, 'Vel Satis', 87, 0),
(1114, 'Corniche Cabrio', 88, 0),
(1115, 'Phantom', 88, 0),
(1116, 'Phantom Drophead Coupe', 88, 0),
(1117, 'Silver Seraph', 88, 0),
(1118, 'Silver Spur', 88, 0),
(1119, '25', 89, 0),
(1120, '45', 89, 0),
(1121, '75', 89, 0),
(1122, '200', 89, 0),
(1123, '400', 89, 0),
(1124, '600', 89, 0),
(1125, '800', 89, 0),
(1126, 'Maestro', 89, 0),
(1127, 'Mini MK', 89, 0),
(1128, 'Montego', 89, 0),
(1129, '9-2X', 90, 0),
(1130, '9-3', 90, 0),
(1131, '9-5', 90, 0),
(1132, '9-7X', 90, 0),
(1133, '99', 90, 0),
(1134, '900', 90, 0),
(1135, '9000', 90, 0),
(1136, 'S7', 91, 0),
(1137, 'ION', 92, 0),
(1138, 'LS', 92, 0),
(1139, 'SC', 92, 0),
(1140, 'SL', 92, 0),
(1141, 'VUE', 92, 0),
(1142, 'tC', 93, 0),
(1143, 'xA', 93, 0),
(1144, 'xB', 93, 0),
(1145, 'Alhambra', 94, 0),
(1146, 'Altea', 94, 0),
(1147, 'Arosa', 94, 0),
(1148, 'Cordoba', 94, 0),
(1149, 'Ibiza', 94, 0),
(1150, 'Leon', 94, 0),
(1151, 'Malaga', 94, 0),
(1152, 'Ronda', 94, 0),
(1153, 'Toledo', 94, 0),
(1154, 'Sceo', 95, 0),
(1155, 'Fabia', 96, 0),
(1156, 'Favorit', 96, 0),
(1157, 'Felicia', 96, 0),
(1158, 'Octavia', 96, 0),
(1159, 'Octavia Scout', 96, 0),
(1160, 'Roomster', 96, 0),
(1161, 'Superb', 96, 0),
(1162, 'Crossblade', 97, 0),
(1163, 'Forfour', 97, 0),
(1164, 'Fortwo', 97, 0),
(1165, 'Roadster', 97, 0),
(1166, 'C8', 98, 0),
(1167, 'Actyon', 99, 0),
(1168, 'Chairman', 99, 0),
(1169, 'Family', 99, 0),
(1170, 'Istana', 99, 0),
(1171, 'Korando', 99, 0),
(1172, 'Kyron', 99, 0),
(1173, 'Musso', 99, 0),
(1174, 'Rexton', 99, 0),
(1175, 'Rodius', 99, 0),
(1176, 'Tager', 99, 0),
(1177, 'Baja', 100, 0),
(1178, 'Forester', 100, 0),
(1179, 'Impreza', 100, 0),
(1180, 'Impreza WRX', 100, 0),
(1181, 'Justy', 100, 0),
(1182, 'Legacy', 100, 0),
(1183, 'Leone', 100, 0),
(1184, 'Libero', 100, 0),
(1185, 'Outback', 100, 0),
(1186, 'Pleo', 100, 0),
(1187, 'R2', 100, 0),
(1188, 'SVX', 100, 0),
(1189, 'Stella', 100, 0),
(1190, 'Traviq', 100, 0),
(1191, 'Tribeca', 100, 0),
(1192, 'Vivio', 100, 0),
(1193, 'XT', 100, 0),
(1194, 'Aerio', 101, 0),
(1195, 'Alto', 101, 0),
(1196, 'Baleno', 101, 0),
(1197, 'Cultus Wagon', 101, 0),
(1198, 'Escudo', 101, 0),
(1199, 'Every', 101, 0),
(1200, 'Every Landy', 101, 0),
(1201, 'Forenza', 101, 0),
(1202, 'Grand Vitara', 101, 0),
(1203, 'Ignis', 101, 0),
(1204, 'Jimny', 101, 0),
(1205, 'Kei', 101, 0),
(1206, 'Liana', 101, 0),
(1207, 'MR Wagon', 101, 0),
(1208, 'SX4', 101, 0),
(1209, 'Samurai', 101, 0),
(1210, 'Sidekick', 101, 0),
(1211, 'Swift', 101, 0),
(1212, 'Verona', 101, 0),
(1213, 'Vitara', 101, 0),
(1214, 'Wagon R+', 101, 0),
(1215, 'X-90', 101, 0),
(1216, 'XL7', 101, 0),
(1217, 'T613', 102, 0),
(1218, 'Century', 103, 0),
(1219, 'Admiral', 104, 0),
(1220, '4runner', 105, 0),
(1221, 'Allex', 105, 0),
(1222, 'Allion', 105, 0),
(1223, 'Alphard', 105, 0),
(1224, 'Altezza', 105, 0),
(1225, 'Aristo', 105, 0),
(1226, 'Aurion', 105, 0),
(1227, 'Auris', 105, 0),
(1228, 'Avalon', 105, 0),
(1229, 'Avensis', 105, 0),
(1230, 'Avensis Verso', 105, 0),
(1231, 'BB', 105, 0),
(1232, 'Brevis', 105, 0),
(1233, 'Caldina', 105, 0),
(1234, 'Cami', 105, 0),
(1235, 'Camry', 105, 0),
(1236, 'Camry Solara', 105, 0),
(1237, 'Carib', 105, 0),
(1238, 'Carina', 105, 0),
(1239, 'Carina E', 105, 0),
(1240, 'Carina ED', 105, 0),
(1241, 'Cavalier', 105, 0),
(1242, 'Celica', 105, 0),
(1243, 'Chaser', 105, 0),
(1244, 'Corolla', 105, 0),
(1245, 'Corolla', 105, 0),
(1246, 'Corolla Ceres', 105, 0),
(1247, 'Corolla FX', 105, 0),
(1248, 'Corolla Fielder', 105, 0),
(1249, 'Corolla Levin', 105, 0),
(1250, 'Corolla Rumion', 105, 0),
(1251, 'Corolla RunX', 105, 0),
(1252, 'Corolla Spacio', 105, 0),
(1253, 'Corolla Verso', 105, 0),
(1254, 'Corona', 105, 0),
(1255, 'Corsa', 105, 0),
(1256, 'Cressida', 105, 0),
(1257, 'Cresta', 105, 0),
(1258, 'Crown', 105, 0),
(1259, 'Crown', 105, 0),
(1260, 'Crown Athlete', 105, 0),
(1261, 'Crown Majesta', 105, 0),
(1262, 'Curren', 105, 0),
(1263, 'Cynos', 105, 0),
(1264, 'Duet', 105, 0),
(1265, 'Echo', 105, 0),
(1266, 'Estima', 105, 0),
(1267, 'FJ Cruiser', 105, 0),
(1268, 'Fortuner', 105, 0),
(1269, 'Funcargo', 105, 0),
(1270, 'Gaia', 105, 0),
(1271, 'Grand Hiace', 105, 0),
(1272, 'Granvia', 105, 0),
(1273, 'Harrier', 105, 0),
(1274, 'Hiace', 105, 0),
(1275, 'Highlander', 105, 0),
(1276, 'Hilux Pick Up', 105, 0),
(1277, 'Hilux Surf', 105, 0),
(1278, 'ISis', 105, 0),
(1279, 'Ipsum', 105, 0),
(1280, 'Ist', 105, 0),
(1281, 'Kluger', 105, 0),
(1282, 'Land Cruiser', 105, 0),
(1283, 'Land Cruiser (120) Prado', 105, 0),
(1284, 'Land Cruiser (90) Prado', 105, 0),
(1285, 'Land Cruiser 100', 105, 0),
(1286, 'Land Cruiser 200', 105, 0),
(1287, 'Land Cruiser 70', 105, 0),
(1288, 'Land Cruiser 80', 105, 0),
(1289, 'Lite Ace', 105, 0),
(1290, 'MR 2', 105, 0),
(1291, 'MR-S', 105, 0),
(1292, 'name II', 105, 0),
(1293, 'name X', 105, 0),
(1294, 'MasterAce', 105, 0),
(1295, 'Matrix', 105, 0),
(1296, 'Nadia', 105, 0),
(1297, 'Noah', 105, 0),
(1298, 'Opa', 105, 0),
(1299, 'Origin', 105, 0),
(1300, 'Paseo', 105, 0),
(1301, 'Passo', 105, 0),
(1302, 'Picnic', 105, 0),
(1303, 'Platz', 105, 0),
(1304, 'Porte', 105, 0),
(1305, 'Premio', 105, 0),
(1306, 'Previa', 105, 0),
(1307, 'Prius', 105, 0),
(1308, 'Probox', 105, 0),
(1309, 'Progres', 105, 0),
(1310, 'Pronard', 105, 0),
(1311, 'RAV 4', 105, 0),
(1312, 'Ractis', 105, 0),
(1313, 'Raum', 105, 0),
(1314, 'Regius', 105, 0),
(1315, 'Regius', 105, 0),
(1316, 'Regius Ace', 105, 0),
(1317, 'Scepter', 105, 0),
(1318, 'Sequoia', 105, 0),
(1319, 'Sera', 105, 0),
(1320, 'Sienna', 105, 0),
(1321, 'Sienta', 105, 0),
(1322, 'Soarer', 105, 0),
(1323, 'Solara', 105, 0),
(1324, 'Sparky', 105, 0),
(1325, 'Sprinter', 105, 0),
(1326, 'Starlet', 105, 0),
(1327, 'Succeed', 105, 0),
(1328, 'Supra', 105, 0),
(1329, 'Tacoma', 105, 0),
(1330, 'Tercel', 105, 0),
(1331, 'Tundra', 105, 0),
(1332, 'Vellfire', 105, 0),
(1333, 'Venza', 105, 0),
(1334, 'Verossa', 105, 0),
(1335, 'Vista', 105, 0),
(1336, 'Vitz', 105, 0),
(1337, 'Voltz', 105, 0),
(1338, 'Voxy', 105, 0),
(1339, 'Will', 105, 0),
(1340, 'Windom', 105, 0),
(1341, 'Wish', 105, 0),
(1342, 'Yaris', 105, 0),
(1343, 'Yaris Verso', 105, 0),
(1344, 'P 601', 106, 0),
(1345, 'Griffith', 107, 0),
(1346, 'W8 Twin Turbo', 108, 0),
(1347, 'Bora', 109, 0),
(1348, 'Caddy', 109, 0),
(1349, 'Corrado', 109, 0),
(1350, 'Eos', 109, 0),
(1351, 'Fox', 109, 0),
(1352, 'Golf', 109, 0),
(1353, 'Golf Plus', 109, 0),
(1354, 'Jetta', 109, 0),
(1355, 'Kaefer', 109, 0),
(1356, 'Lupo', 109, 0),
(1357, 'Multivan', 109, 0),
(1358, 'NEW Beetle', 109, 0),
(1359, 'Passat', 109, 0),
(1360, 'Phaeton', 109, 0),
(1361, 'Pointer', 109, 0),
(1362, 'Polo', 109, 0),
(1363, 'Santana', 109, 0),
(1364, 'Scirocco', 109, 0),
(1365, 'Sharan', 109, 0),
(1366, 'Taro', 109, 0),
(1367, 'Tiguan', 109, 0),
(1368, 'Touareg', 109, 0),
(1369, 'Touran', 109, 0),
(1370, 'Vento', 109, 0),
(1371, '164', 110, 0),
(1372, '240', 110, 0),
(1373, '340-360', 110, 0),
(1374, '440 K', 110, 0),
(1375, '460 L', 110, 0),
(1376, '480 E', 110, 0),
(1377, '740', 110, 0),
(1378, '760', 110, 0),
(1379, '780 Bertone', 110, 0),
(1380, '850', 110, 0),
(1381, '940', 110, 0),
(1382, '960', 110, 0),
(1383, 'C30', 110, 0),
(1384, 'C70', 110, 0),
(1385, 'S40', 110, 0),
(1386, 'S60', 110, 0),
(1387, 'S70', 110, 0),
(1388, 'S80', 110, 0),
(1389, 'S90', 110, 0),
(1390, 'V40 Kombi', 110, 0),
(1391, 'V50', 110, 0),
(1392, 'V70', 110, 0),
(1393, 'XC70', 110, 0),
(1394, 'XC90', 110, 0),
(1395, '353', 111, 0),
(1396, 'GT', 112, 0),
(1397, 'Roadster', 112, 0),
(1398, 'PICKUP X3', 113, 0),
(1399, 'SR-V X3', 113, 0),
(1400, 'SUV X3', 113, 0),
(1401, 'GrandTiger', 114, 0),
(1402, 'Landname', 114, 0),
(1403, '1111 Ока 1111', 115, 0),
(1404, '1111 Ока 11113', 115, 0),
(1405, '2101', 115, 0),
(1406, '2102', 115, 0),
(1407, '2103', 115, 0),
(1408, '2104', 115, 0),
(1409, '2105', 115, 0),
(1410, '2106', 115, 0),
(1411, '2107', 115, 0),
(1412, '2108', 115, 0),
(1413, '2109', 115, 0),
(1414, '2110', 115, 0),
(1415, '2111', 115, 0),
(1416, '2112', 115, 0),
(1417, '2113', 115, 0),
(1418, '2114', 115, 0),
(1419, '2115', 115, 0),
(1420, '2123', 115, 0),
(1421, '2129', 115, 0),
(1422, '2131', 115, 0),
(1423, '2329', 115, 0),
(1424, '21043', 115, 0),
(1425, '21047', 115, 0),
(1426, '21053', 115, 0),
(1427, '21054', 115, 0),
(1428, '21055', 115, 0),
(1429, '21061', 115, 0),
(1430, '21063', 115, 0),
(1431, '21065', 115, 0),
(1432, '21071', 115, 0),
(1433, '21072', 115, 0),
(1434, '21073', 115, 0),
(1435, '21074', 115, 0),
(1436, '21079', 115, 0),
(1437, '21081', 115, 0),
(1438, '21083', 115, 0),
(1439, '21086', 115, 0),
(1440, '2108i', 115, 0),
(1441, '21093', 115, 0),
(1442, '21099', 115, 0),
(1443, '21099i', 115, 0),
(1444, '2109i', 115, 0),
(1445, '21101', 115, 0),
(1446, '21102', 115, 0),
(1447, '21103', 115, 0),
(1448, '21104', 115, 0),
(1449, '21108', 115, 0),
(1450, '21111', 115, 0),
(1451, '21112', 115, 0),
(1452, '21113', 115, 0),
(1453, '21121', 115, 0),
(1454, '21122', 115, 0),
(1455, '21123', 115, 0),
(1456, '21124', 115, 0),
(1457, '2115 Wankel', 115, 0),
(1458, '2115i', 115, 0),
(1459, '2120 Надежда', 115, 0),
(1460, '2121 4x4 2121', 115, 0),
(1461, '2121 4x4 21213', 115, 0),
(1462, '2121 4x4 21214', 115, 0),
(1463, '2121 4x4 21217', 115, 0),
(1464, '2121 4x4 21218', 115, 0),
(1465, 'Kalina Hatchback', 115, 0),
(1466, 'Kalina Sedan', 115, 0),
(1467, 'Kalina Wagon', 115, 0),
(1468, 'Priora', 115, 0),
(1469, 'Автокам', 116, 0),
(1470, '13', 117, 0),
(1471, '14', 117, 0),
(1472, '20', 117, 0),
(1473, '21', 117, 0),
(1474, '22', 117, 0),
(1475, '24', 117, 0),
(1476, '69', 117, 0),
(1477, '3102', 117, 0),
(1478, '3105', 117, 0),
(1479, '3110', 117, 0),
(1480, '3111', 117, 0),
(1481, '31022', 117, 0),
(1482, '31026', 117, 0),
(1483, '31029', 117, 0),
(1484, '3102i', 117, 0),
(1485, '31105', 117, 0),
(1486, '310221', 117, 0),
(1487, '311055', 117, 0),
(1488, '3110i', 117, 0),
(1489, 'М1', 117, 0),
(1490, '965', 118, 0),
(1491, '968', 118, 0),
(1492, '1102', 118, 0),
(1493, '1103', 118, 0),
(1494, '1105', 118, 0),
(1495, '1140', 118, 0),
(1496, 'Sens', 118, 0),
(1497, '114', 119, 0),
(1498, '117', 119, 0),
(1499, '4104', 119, 0),
(1500, '412', 120, 0),
(1501, '2125', 120, 0),
(1502, '2126', 120, 0),
(1503, '2715', 120, 0),
(1504, '2717', 120, 0),
(1505, '21261', 120, 0),
(1506, '27171', 120, 0),
(1507, 'Ока', 121, 0),
(1508, '967', 122, 0),
(1509, '968', 122, 0),
(1510, '969', 122, 0),
(1511, '400', 123, 0),
(1512, '401', 123, 0),
(1513, '402', 123, 0),
(1514, '403', 123, 0),
(1515, '406', 123, 0),
(1516, '407', 123, 0),
(1517, '408', 123, 0),
(1518, '412', 123, 0),
(1519, '2125', 123, 0),
(1520, '2140', 123, 0),
(1521, '2141', 123, 0),
(1522, '2335', 123, 0),
(1523, '423 Kombi', 123, 0),
(1524, '5846', 123, 0),
(1525, 'Aslk 2137 Kombi', 123, 0),
(1526, 'Aslk 2138', 123, 0),
(1527, 'Aslk 2140', 123, 0),
(1528, 'Князь Владимир', 123, 0),
(1529, 'Святогор', 123, 0),
(1530, 'Юрий Долгорукий', 123, 0),
(1531, '1111', 124, 0),
(1532, 'Мотоколяска', 125, 0),
(1533, 'Tager', 126, 0),
(1534, '469', 127, 0),
(1535, '2206', 127, 0),
(1536, '3151', 127, 0),
(1537, '3153', 127, 0),
(1538, '3159', 127, 0),
(1539, '3160', 127, 0),
(1540, '3162', 127, 0),
(1541, '3163', 127, 0),
(1542, '31512', 127, 0),
(1543, '31514', 127, 0),
(1544, '31519', 127, 0),
(1545, '315195', 127, 0);

-- --------------------------------------------------------

--
-- Структура таблицы `multimedia`
--

CREATE TABLE IF NOT EXISTS `multimedia` (
  `id` int(11) NOT NULL AUTO_INCREMENT,
  `attr` varchar(255) NOT NULL,
  PRIMARY KEY (`id`)
) ENGINE=InnoDB  DEFAULT CHARSET=utf8 AUTO_INCREMENT=8 ;

--
-- Дамп данных таблицы `multimedia`
--

INSERT INTO `multimedia` (`id`, `attr`) VALUES
(1, 'CD '),
(2, 'DVD '),
(3, 'MP3 '),
(4, 'Акустика '),
(5, 'Магнитола '),
(6, 'Сабвуфер'),
(7, 'Система навигации GPS ');

-- --------------------------------------------------------

--
-- Структура таблицы `other`
--

CREATE TABLE IF NOT EXISTS `other` (
  `id` int(11) NOT NULL AUTO_INCREMENT,
  `attr` varchar(255) NOT NULL,
  PRIMARY KEY (`id`)
) ENGINE=InnoDB  DEFAULT CHARSET=utf8 AUTO_INCREMENT=9 ;

--
-- Дамп данных таблицы `other`
--

INSERT INTO `other` (`id`, `attr`) VALUES
(1, 'Газовая установка (ГБО) '),
(2, 'Дерево '),
(3, 'Длинная база'),
(4, 'Кузов MAXI'),
(5, 'Правый руль '),
(6, 'Тонирование стекол '),
(7, 'Тюнинг '),
(8, 'Фаркоп');

-- --------------------------------------------------------

--
-- Структура таблицы `photos`
--

CREATE TABLE IF NOT EXISTS `photos` (
  `id` int(11) NOT NULL AUTO_INCREMENT,
  `auto_id` int(11) NOT NULL,
  `image` varchar(255) NOT NULL,
  `is_main` tinyint(1) NOT NULL,
  `video_url` varchar(255) DEFAULT NULL,
  PRIMARY KEY (`id`)
) ENGINE=InnoDB  DEFAULT CHARSET=utf8 AUTO_INCREMENT=6 ;

--
-- Дамп данных таблицы `photos`
--

INSERT INTO `photos` (`id`, `auto_id`, `image`, `is_main`, `video_url`) VALUES
(1, 8, 'WGRS9Q.jpg', 1, 'gdfgdfgdfgdfg'),
(2, 8, 'IlxDV1.jpg', 0, NULL),
(3, 9, 'iApGZQ.jpg', 1, NULL),
(4, 9, 'ctTixL.jpg', 0, 'dfgdfgdfgdfg'),
(5, 9, 'fdgASD3.jpg', 0, NULL);

-- --------------------------------------------------------

--
-- Структура таблицы `prices`
--

CREATE TABLE IF NOT EXISTS `prices` (
  `id` int(11) NOT NULL AUTO_INCREMENT,
  `name` varchar(255) NOT NULL,
  `value` decimal(6,2) NOT NULL,
  PRIMARY KEY (`id`)
) ENGINE=InnoDB  DEFAULT CHARSET=utf8 AUTO_INCREMENT=2 ;

--
-- Дамп данных таблицы `prices`
--

INSERT INTO `prices` (`id`, `name`, `value`) VALUES
(1, 'simple', 8.00);

-- --------------------------------------------------------

--
-- Структура таблицы `region`
--

CREATE TABLE IF NOT EXISTS `region` (
  `id` int(11) NOT NULL AUTO_INCREMENT,
  `name` varchar(50) DEFAULT NULL,
  PRIMARY KEY (`id`)
) ENGINE=InnoDB  DEFAULT CHARSET=utf8 AUTO_INCREMENT=26 ;

--
-- Дамп данных таблицы `region`
--

INSERT INTO `region` (`id`, `name`) VALUES
(1, 'Винница'),
(2, 'Днепропетровск'),
(3, 'Донецк'),
(4, 'Житомир'),
(5, 'Запорожье'),
(6, 'Ивано-Франковск'),
(7, 'Киев'),
(8, 'Кировоград'),
(9, 'Луганск'),
(10, 'Луцк'),
(11, 'Львов'),
(12, 'Николаев'),
(13, 'Одесса'),
(14, 'Полтава'),
(15, 'Ровно'),
(16, 'Симферополь'),
(17, 'Сумы'),
(18, 'Тернополь'),
(19, 'Ужгород'),
(20, 'Харьков'),
(21, 'Херсон'),
(22, 'Хмельницкий'),
(23, 'Черкассы'),
(24, 'Чернигов'),
(25, 'Черновцы');

-- --------------------------------------------------------

--
-- Структура таблицы `safety`
--

CREATE TABLE IF NOT EXISTS `safety` (
  `id` int(11) NOT NULL AUTO_INCREMENT,
  `attr` varchar(255) NOT NULL,
  PRIMARY KEY (`id`)
) ENGINE=InnoDB  DEFAULT CHARSET=utf8 AUTO_INCREMENT=12 ;

--
-- Дамп данных таблицы `safety`
--

INSERT INTO `safety` (`id`, `attr`) VALUES
(1, 'ABD '),
(2, 'ABS '),
(3, 'ESP'),
(4, 'Галогенные фары'),
(5, 'Замок на КПП '),
(6, 'Иммобилайзер '),
(7, 'Пневмоподвеска '),
(8, 'Подушка безопасности (Airbag) '),
(9, 'Серворуль '),
(10, 'Сигнализация '),
(11, 'Центральный замок ');

-- --------------------------------------------------------

--
-- Структура таблицы `schema_version`
--

CREATE TABLE IF NOT EXISTS `schema_version` (
  `version` bigint(20) NOT NULL,
  PRIMARY KEY (`version`)
) ENGINE=InnoDB DEFAULT CHARSET=utf8;

--
-- Дамп данных таблицы `schema_version`
--

INSERT INTO `schema_version` (`version`) VALUES
(0);

-- --------------------------------------------------------

--
-- Структура таблицы `state`
--

CREATE TABLE IF NOT EXISTS `state` (
  `id` int(11) NOT NULL AUTO_INCREMENT,
  `attr` varchar(255) NOT NULL,
  PRIMARY KEY (`id`)
) ENGINE=InnoDB  DEFAULT CHARSET=utf8 AUTO_INCREMENT=12 ;

--
-- Дамп данных таблицы `state`
--

INSERT INTO `state` (`id`, `attr`) VALUES
(1, 'Гаражное хранение '),
(2, 'Не бит '),
(3, 'Не крашен '),
(4, 'Ручное управление '),
(5, 'Сервисная книжка '),
(6, 'Нерастаможенный '),
(7, 'После ДТП '),
(8, 'Не на ходу'),
(9, 'Взято в кредит '),
(10, 'Автоконфискат'),
(11, 'Пригнан из');

-- --------------------------------------------------------

--
-- Структура таблицы `sub_category`
--

CREATE TABLE IF NOT EXISTS `sub_category` (
  `id` int(11) NOT NULL AUTO_INCREMENT,
  `parent_id` int(11) NOT NULL,
  `name` varchar(255) NOT NULL,
  `img` varchar(255) NOT NULL,
  PRIMARY KEY (`id`)
) ENGINE=InnoDB  DEFAULT CHARSET=utf8 AUTO_INCREMENT=191 ;

--
-- Дамп данных таблицы `sub_category`
--

INSERT INTO `sub_category` (`id`, `parent_id`, `name`, `img`) VALUES
(1, 1, 'Седан', 'kupe/sedan.gif'),
(2, 1, 'Внедорожник / Кроссовер', 'kupe/suv.gif'),
(3, 1, 'Минивэн', 'kupe/van.gif'),
(4, 1, 'Хэтчбек', 'kupe/hatchback.gif'),
(5, 1, 'Универсал', 'kupe/wagon.gif'),
(6, 1, 'Купе', 'kupe/coupe.gif'),
(7, 1, 'Легковой фургон (до 1,5 т)', 'truck/light_furgon.gif'),
(8, 1, 'Кабриолет', 'kupe/cabriolet.gif'),
(9, 1, 'Пикап', 'kupe/truck.gif'),
(10, 1, 'Лимузин', 'kupe/limousine.jpg'),
(11, 1, 'Другой', 'other.png'),
(12, 2, 'Мопеды', 'moto/motorbike.jpg'),
(13, 2, 'Скутер / Мотороллер', 'moto/scooter.gif'),
(14, 2, 'Макси-скутер', 'moto/maxi_scooter.gif'),
(15, 2, 'Мотоциклы', 'moto/moto.jpg'),
(16, 2, 'Мотоцикл Без обтекателей (Naked bike)', 'moto/naked_bike.gif'),
(17, 2, 'Мотоцикл Внедорожный (Enduro)', 'moto/enduro.gif'),
(18, 2, 'Мотоцикл Кастом', 'moto/castom_bike.gif'),
(19, 2, 'Мотоцикл Классик', 'moto/clasic_bike.gif'),
(20, 2, 'Мотоцикл Кросс', 'moto/cross_bike.gif'),
(21, 2, 'Мотоцикл Круизер', 'moto/cruiser_bike.gif'),
(22, 2, 'Мотоцикл Многоцелевой (All-round)', 'moto/all_round_bike.gif'),
(23, 2, 'Мотоцикл с коляской', 'moto/s_kolaskoy_bike.gif'),
(24, 2, 'Спортбайк', 'moto/sport_bike.gif'),
(25, 2, 'Мотоцикл Спорт-туризм', 'moto/sport_tur_bike.gif'),
(26, 2, 'Мотоцикл Супермото (Motard)', 'moto/super_moto_bike.gif'),
(27, 2, 'Мотоцикл Триал', 'moto/trial_bike.gif'),
(28, 2, 'Мотоцикл Туризм', 'moto/tur_bike.gif'),
(29, 2, 'Мотоцикл Чоппер', 'moto/chopper.gif'),
(30, 2, 'Мини мотоциклы', 'moto/mini-moto.jpg'),
(31, 2, 'Мини спорт', 'moto/mini_bike_sport.gif'),
(32, 2, 'Мини крос (Питбайк)', 'moto/mini_bike_cross.gif'),
(33, 2, 'Трицикл', 'moto/thricicle.gif'),
(34, 2, 'Трайк', 'moto/traike.gif'),
(35, 2, 'Квадроциклы', 'moto/atvs.jpg'),
(36, 2, 'Квадроцикл детский', 'moto/atv_child.gif'),
(37, 2, 'Квадроцикл утилитарный', 'moto/atv_utility.gif'),
(38, 2, 'Мотовездеход', 'moto/motovezdehod.gif'),
(39, 2, 'Вездеход-амфибия', 'moto/amfobia.gif'),
(40, 2, 'Гольф-кар', 'moto/golf_car.gif'),
(41, 2, 'Картинг', 'moto/kart.gif'),
(42, 2, 'Снегоход', 'moto/snow_tur.gif'),
(43, 2, 'Другое', 'other.png'),
(44, 3, 'Лодка', 'water/lodki.gif'),
(45, 3, 'Катер', 'water/kater.gif'),
(46, 3, 'Моторная яхта', 'water/engine_yahts.gif'),
(47, 3, 'Парусная яхта', 'water/parus_yahts.gif'),
(48, 3, 'Земcнаряд', ''),
(49, 3, 'Гидроциклы', 'water/personal-watercraft.jpg'),
(50, 3, 'Гидроцикл спортивный', 'moto/aqa_bike_sport.gif'),
(51, 3, 'Гидроцикл туристический', 'moto/aqa_bike_ture.gif'),
(52, 3, 'Лодочный мотор', 'moto/bot_motor.gif'),
(53, 3, 'Другое', 'other.png'),
(54, 4, 'Сельхозтехника', ''),
(55, 4, 'Мотоблок / Мотокультиватор', 'special/tiller.jpg'),
(56, 4, 'Трактор', 'special/vheels_traktor.gif'),
(57, 4, 'Комбайн', 'special/kombine_zernovuy.gif'),
(58, 4, 'Минитрактор', 'special/minitractor.jpg'),
(59, 4, 'Сеялка', 'special/seeder.jpg'),
(60, 4, 'Плуг', 'special/plow.jpg'),
(61, 4, 'Опрыскиватель', 'special/sprayer.jpg'),
(62, 4, 'Почвообрабатывающая техника', 'special/tillage.jpg'),
(63, 4, 'Кормоуборочная техника', 'special/harvesting.jpg'),
(64, 4, 'Садовая техника', 'special/garden.jpg'),
(65, 4, 'Строительная техника', 'special/construction.jpg'),
(66, 4, 'Кран / Автокран', 'special/auto_kran.gif'),
(67, 4, 'Башенный кран', 'pecial/towercrane.jpg'),
(68, 4, 'Экскаватор', 'special/excavator.jpg'),
(69, 4, 'Миниэкскаватор', 'special/miniexcavator.jpg'),
(70, 4, 'Автогрейдер', 'special/autogreider.gif'),
(71, 4, 'Аварийно-ремонтные машины', 'special/repairtrucks.jpg'),
(72, 4, 'Кран-манипулятор', ''),
(73, 4, 'Гудронатор', 'special/sprayercars.jpg'),
(74, 4, 'Асфальтозавод', 'special/asphalt.jpg'),
(75, 4, 'Асфальтоукладчик', 'special/asfaltoukladchik.gif'),
(80, 4, 'Бетономешалка (Миксер)', 'special/mixer.gif'),
(81, 4, 'Бетононасос', 'special/auto_betononasos.gif'),
(82, 4, 'Бетоноукладчик', 'special/concreteplacer.jpg'),
(83, 4, 'Бульдозер', 'special/buldoser.gif'),
(84, 4, 'Буровая установка', 'special/burilnaya_ustanovka.gif'),
(85, 4, 'Сваебой / Дизельный молот', 'special/svaeboi.gif'),
(86, 4, 'Каток', 'special/katok.gif'),
(87, 4, 'Компрессор', 'special/kompressor.gif'),
(88, 4, 'Мотопомпа / Насос', 'special/motorpump.jpg'),
(89, 4, 'Ресайклер', 'special/recycler.jpg'),
(90, 4, 'Фреза дорожная', 'special/planers.jpg'),
(91, 4, 'Электростанция / Генератор', 'special/generator.jpg'),
(92, 4, 'Скрепер', 'special/skrepper.gif'),
(93, 4, 'Другая строительная техника', 'other.png'),
(94, 4, 'Погрузчики', 'special/forklifts.jpg'),
(95, 4, 'Вилочный погрузчик / Штабелер', 'special/vilochny_pogruzchik.gif'),
(96, 4, 'Фронтальный погрузчик', 'special/frontalny_pogruzchik.gif'),
(97, 4, 'Экскаватор погрузчик', 'special/exkavator_pogruzchik.gif'),
(98, 4, 'Минипогрузчик', 'special/minipogruzchik.gif'),
(99, 4, 'Телескопический погрузчик', 'special/telehandler.jpg'),
(100, 4, 'Контейнерный погрузчик', 'special/container_handler.jpg'),
(101, 4, 'Подьемник', 'special/lifts.jpg'),
(102, 4, 'Коммунальная техника', 'special/municipalcars.jpg'),
(103, 4, 'Машина аварийно-ремонтная "МАВР"', 'special/emergency.jpg'),
(104, 4, 'Уборочно-поливочные автомобили', 'special/cleaner_auto.gif'),
(105, 4, 'Автовышка комунальная', 'special/auto_vishka.gif'),
(106, 4, 'Ассенизатор / Вакуумная машина', 'special/vakuumn_auto.gif'),
(107, 4, 'Илососная машина', 'special/vacuum_truck.jpg'),
(108, 4, 'Мусоровоз', 'special/garbage.jpg'),
(109, 4, 'Эвакуатор', ''),
(110, 4, 'Каналопромывочная машина', 'special/sewer_machine.jpg'),
(111, 4, 'Пескоразбрасывающая машина', 'special/sand_machine.jpg'),
(112, 4, 'Уборочная машина', 'special/harvester.jpg'),
(113, 4, 'Снегоуборочная машина', 'special/snowblower.jpg'),
(114, 4, 'Спецтранспорт', 'special/specialcars.jpg'),
(115, 4, 'Вездеход', 'special/vezdehod.gif'),
(116, 4, 'Харвестер / форвардер', 'special/forwarder.jpg'),
(117, 4, 'Багги / Гоночный автомобиль', 'special/baggi.gif'),
(118, 4, 'Специальный автобус', 'special/specbus.jpg'),
(119, 4, 'Автомобиль скорой помощи', 'special/ambulance.jpg'),
(120, 4, 'Бронированный автомобиль', 'special/brony_mobile.gif'),
(121, 4, 'Пожарная машина', 'special/fire_auto.gif'),
(122, 4, 'Другая спецтехника', 'other.png'),
(123, 5, 'Прицеп', 'pricep/trailer.jpg'),
(124, 5, 'Платформа', 'pricep/pricep/Platform.gif'),
(125, 5, 'Шасси', 'pricep/pricep/Shassi.gif'),
(126, 5, 'Самосвал прицеп', 'pricep/pricep/Samosval.gif'),
(127, 5, 'Борт', 'pricep/pricep/Bort.gif'),
(128, 5, 'Цистерна', 'pricep/pricep/Cisterna.gif'),
(129, 5, 'Фургон', 'pricep/pricep/Furgon.gif'),
(130, 5, 'Рефрижератор', 'pricep/pricep/Refregerator.gif'),
(131, 5, 'Контейнеровоз', 'pricep/pricep/Konteiner.gif'),
(132, 5, 'Тентованный борт (штора)', 'pricep/pricep/Tent.gif'),
(133, 5, 'Лесовоз / Сортиментовоз', 'pricep/pricep/Lesovoz.gif'),
(134, 5, 'Для перевозки животных', 'pricep/pricep/Enimal.gif'),
(135, 5, 'Изотермическая будка', ''),
(136, 5, 'Полуприцеп', 'pricep/semitrailer.jpg'),
(137, 5, 'Платформа полуприцеп', 'pricep/polypricep/Platform.gif'),
(138, 5, 'Низкорамная платформа', 'pricep/polypricep/LowPlatform.gif'),
(139, 5, 'Бетономешалка (Миксер) полуприцеп', 'pricep/polypricep/Beton.gif'),
(140, 5, 'Шасси полуприцеп', 'pricep/polypricep/shassi.gif'),
(141, 5, 'Самосвал полуприцеп', 'pricep/polypricep/Samosval.gif'),
(142, 5, 'Бортовой полуприцеп', 'pricep/polypricep/Bort.gif'),
(143, 5, 'Цистерна полуприцеп', 'pricep/polypricep/Cisterna.gif'),
(144, 5, 'Фургон полуприцеп', 'pricep/polypricep/Furgon.gif'),
(145, 5, 'Рефрижератор полуприцеп', 'pricep/polypricep/polupricep_refrigerator.gif'),
(146, 5, 'Контейнеровоз полуприцеп', 'pricep/polypricep/Konteiner.gif'),
(147, 5, 'Тентованный борт (штора)', 'pricep/polypricep/Tent.gif'),
(148, 5, 'Автовоз', 'pricep/polypricep/AutoVoz.gif'),
(149, 5, 'Лесовоз / Сортиментовоз', 'pricep/polypricep/Lesovoz.gif'),
(150, 5, 'Плитовоз', 'pricep/polypricep/Plitovoz.gif'),
(151, 5, 'Для перевозки животных', 'pricep/polypricep/Enimal.gif'),
(152, 5, 'Легковой прицеп', 'pricep/LightPricep.gif'),
(153, 5, 'Прицеп дача', 'pricep/Camp.gif'),
(154, 5, 'Лафет', 'pricep/lafet.gif'),
(155, 5, 'Другое', 'other.png'),
(156, 6, 'Микроавтобус грузовой (до 3,5т)', 'truck/truck_microbus.gif'),
(157, 6, 'Легковой фургон (до 1,5 т)', 'truck/light_furgon.gif'),
(158, 6, 'Тягач', 'truck/tyagach.gif'),
(159, 6, 'Грузовик', 'truck/autotruck.jpg'),
(160, 6, 'Платформа', 'truck/Konteinerovoz.gif'),
(161, 6, 'Шасси', 'truck/Konteinerovoz.gif'),
(162, 6, 'Самосвал', 'truck/samosval.gif'),
(163, 6, 'Бортовой', 'truck/bort_truck.gif'),
(164, 6, 'Цистерна', 'truck/cisterna.gif'),
(165, 6, 'Фургон', 'truck/furgon.gif'),
(166, 6, 'Эвакуатор', 'truck/evakuator.gif'),
(167, 6, 'Рефрижератор', 'truck/refrigerator_termokuzov.gif'),
(168, 6, 'Контейнеровоз', 'truck/Konteinerovoz.gif'),
(169, 6, 'Мусоровоз', 'truck/Trash.gif'),
(170, 6, 'Вахтовый автобус / Кунг', 'bus/kung.gif'),
(171, 6, 'Тентованый', 'truck/TentBort.gif'),
(172, 6, 'Мультилифт', 'truck/Multilift.gif'),
(173, 6, 'Автовоз', 'truck/Avtovoz.gif'),
(174, 6, 'Лесовоз / Сортиментовоз', 'special/lesovoz.gif '),
(175, 6, 'Стекловоз', 'truck/Steklovoz.gif'),
(176, 6, 'Для перевозки животных', 'truck/Skotovoz.gif'),
(177, 6, 'Другое', 'other.png'),
(178, 7, 'Микроавтобус (от 10 до 22 пас.)	', 'bus/mikroavtobus pasajir.gif'),
(179, 7, 'Автобус', 'bus/bus.jpg'),
(180, 7, 'Пригородный автобус', 'bus/prigorodniy.gif'),
(181, 7, 'Городской автобус', 'bus/gorodskoy.gif'),
(182, 7, 'Туристический / Междугородний автобус', 'bus/turisticheskiy.gif'),
(183, 7, 'Другое', 'other.png'),
(184, 8, 'Дом на колесах', 'autohouse/dom_na_kalesah.gif'),
(185, 8, 'Мобильный дом', 'autohouse/mobile-homes.jpg'),
(186, 8, 'Прицеп дача', 'pricep/Camp.gif'),
(187, 9, 'Самолёт', 'air/samolet.gif'),
(188, 9, 'Вертолёт', 'air/vertolet.gif'),
(189, 9, 'Дельтаплан', 'air/deltaplan.gif'),
(190, 9, 'Другое', 'air/drugoe.gif');

-- --------------------------------------------------------

--
-- Структура таблицы `transmission`
--

CREATE TABLE IF NOT EXISTS `transmission` (
  `id` int(11) NOT NULL AUTO_INCREMENT,
  `type` varchar(255) NOT NULL,
  PRIMARY KEY (`id`)
) ENGINE=InnoDB  DEFAULT CHARSET=utf8 AUTO_INCREMENT=6 ;

--
-- Дамп данных таблицы `transmission`
--

INSERT INTO `transmission` (`id`, `type`) VALUES
(1, 'Автомат'),
(2, 'Адаптивная'),
(3, 'Вариатор'),
(4, 'Ручная / Механика'),
(5, 'Типтроник');

-- --------------------------------------------------------

--
-- Структура таблицы `users`
--

CREATE TABLE IF NOT EXISTS `users` (
  `id` int(11) NOT NULL AUTO_INCREMENT,
  `reg_id` int(11) NOT NULL,
  `city_id` int(11) NOT NULL,
  `username` varchar(255) NOT NULL,
  `password` varchar(255) NOT NULL,
  `salt` varchar(255) NOT NULL,
  `old_password` varchar(255) NOT NULL,
  `secret` varchar(255) NOT NULL,
  `first_name` varchar(255) NOT NULL,
  `last_name` varchar(255) NOT NULL,
  `email` varchar(255) NOT NULL,
  `phone` varchar(255) NOT NULL,
  `skype` varchar(255) NOT NULL,
  `status` enum('pending','confirmed','waiting','ch_mail') NOT NULL DEFAULT 'pending',
  `enabled` enum('yes','no') NOT NULL DEFAULT 'yes',
  `avatar` varchar(255) NOT NULL,
  `added` datetime NOT NULL,
  `last_login` datetime DEFAULT NULL,
  PRIMARY KEY (`id`)
) ENGINE=InnoDB  DEFAULT CHARSET=utf8 AUTO_INCREMENT=7 ;

--
-- Дамп данных таблицы `users`
--

INSERT INTO `users` (`id`, `reg_id`, `city_id`, `username`, `password`, `salt`, `old_password`, `secret`, `first_name`, `last_name`, `email`, `phone`, `skype`, `status`, `enabled`, `avatar`, `added`, `last_login`) VALUES
(1, 0, 0, 'serg__666', '666666a', '', '666666a', 'asdNDa', 'Сергей', 'Веретило', 'sergey.veretilo@gmail.com', '', 'veretilo_sergei', 'confirmed', 'yes', '', '2013-07-06 16:33:24', '2013-05-07 10:22:00'),
(2, 0, 0, 'dima', '666666a', '', '666666a', 'sdg12C', 'Дмитрий', 'Головко', 'dima.golovko@gmail.com', '', 'dima_golovko', 'confirmed', 'yes', '', '2013-05-06 23:08:35', '2013-05-07 05:17:00'),
(3, 0, 0, 'Сергей', 'a1603e530f027f8801907febfdc42fb0', 'XvUPdl', '', '', '', '', 'test@gmail.com', '0931236991', '', 'pending', 'yes', '', '2013-07-03 16:57:23', '2013-07-02 03:06:00'),
(4, 0, 0, 'zzzrtrtyrty', '3a49bc5cf980fcb38687332a736bd983', 'JrK2P1', '', '', '', '', 'zzz@gmail.com', '0988888555', '', 'confirmed', 'yes', '', '2013-07-03 17:04:30', '2013-07-03 05:04:30'),
(5, 0, 0, 'Serg', '8bc9b328170d06d3cb166b7c8673b4ab', 'kdESP6', '', '', '', '', 'test1@gmail.com', '0931236991', '', 'pending', 'yes', '', '2013-07-03 17:13:07', '2013-07-03 17:13:07'),
(6, 0, 0, 'sdfsdfsdfsdf', '7b566258b49067a9e1070118cbce3f2c', '8wd6gg', '', '', '', '', 'test2@gmail.com', '0931235996', '', 'pending', 'yes', '', '2013-07-02 16:46:59', '2013-07-17 16:32:24');

/*!40101 SET CHARACTER_SET_CLIENT=@OLD_CHARACTER_SET_CLIENT */;
/*!40101 SET CHARACTER_SET_RESULTS=@OLD_CHARACTER_SET_RESULTS */;
/*!40101 SET COLLATION_CONNECTION=@OLD_COLLATION_CONNECTION */;